feed_temperature_K,feed_pressure_kPa,feed_composition_benz,num_stages,feed_stage,reflux_ratio,distillate_rate_kmolhr,bottoms_rate_kmolhr,feed_quality_q,column_pressure_kPa,rel_volatility,distillate_purity_xD,bottoms_purity_xB,condenser_duty_kW,reboiler_duty_kW
363.92,113.52,0.4373,14,5,1.78,38.37,61.63,0.7184,113.52,2.5274,0.5216,0.3253,937.8,865.45
320.05,113.16,0.611,8,4,4.244,37.28,62.72,1.1907,113.16,2.5269,0.5,0.35,1728.37,1230.14
367.11,98.68,0.4332,30,22,4.636,21.86,78.14,0.2396,98.68,2.5081,0.8729,0.1097,1052.42,1565.29
327.32,98.2,0.5921,22,5,6.474,30.35,69.65,0.5942,98.2,2.5075,0.5,0.35,2054.94,2129.19
366.51,114.09,0.3424,11,8,5.418,33.06,66.94,1.1274,114.09,2.5281,0.656,0.1232,1864.2,1508.11
356.42,113.96,0.5434,22,15,1.632,59.48,40.52,0.3312,113.96,2.528,0.7069,0.1866,1382.46,1460.26
341.51,87.22,0.6356,14,11,4.815,33.24,66.76,0.139,87.22,2.4936,0.691,0.35,1707.34,2154.1
348.33,111.62,0.5688,21,5,5.613,42.45,57.55,0.1435,111.62,2.5249,0.6856,0.3062,2415.83,2860.43
321.89,88.24,0.2627,27,6,6.464,29.97,70.03,0.7637,88.24,2.4948,0.8984,0.001,1911.36,1905.08
358.0,109.24,0.7148,19,14,3.616,55.33,44.67,1.0458,109.24,2.5218,0.8896,0.2397,2208.4,1698.4
320.03,104.43,0.3861,10,5,3.621,28.88,71.12,0.4231,104.43,2.5155,0.5014,0.2859,1182.03,1456.79
341.82,106.09,0.5094,27,14,2.66,39.89,60.11,1.1661,106.09,2.5177,0.8094,0.1409,1266.01,796.56
336.72,86.54,0.5013,26,4,4.279,37.91,62.09,1.0899,86.54,2.4927,0.8308,0.142,1727.14,1344.22
348.22,109.09,0.3711,29,13,5.935,51.93,48.07,1.1801,109.09,2.5216,0.8948,0.001,3109.66,2532.54
362.67,91.61,0.413,27,9,2.211,47.64,52.36,0.9714,91.61,2.4991,0.8055,0.0256,1319.42,952.41
372.64,112.74,0.3067,23,18,4.42,41.19,58.81,0.3095,112.74,2.5264,0.8146,0.001,1910.84,2224.71
373.83,106.78,0.4246,31,3,4.924,23.37,76.63,1.0645,106.78,2.5186,0.8913,0.0926,1218.79,983.9
362.73,91.73,0.576,28,18,5.53,45.99,54.01,0.2847,91.73,2.4993,0.7238,0.2196,2605.2,2862.06
334.64,92.96,0.4339,20,5,6.374,45.25,54.75,1.1676,92.96,2.5008,0.8121,0.0584,2884.72,2421.28
336.85,106.67,0.3476,24,19,6.968,38.8,61.2,0.0292,106.67,2.5184,0.881,0.003,2671.05,3171.97
324.52,114.41,0.5361,30,3,3.038,26.78,73.22,0.3668,114.41,2.5286,0.8476,0.1772,943.09,1309.62
379.4,103.45,0.2986,34,12,6.289,49.63,50.37,0.1681,103.45,2.5143,0.93,0.0031,3081.83,3408.66
372.02,109.3,0.6547,33,9,4.109,51.93,48.07,1.0959,109.3,2.5219,0.9217,0.1322,2280.4,1777.94
325.64,96.27,0.419,29,21,3.9,41.71,58.29,0.6939,96.27,2.505,0.8618,0.0358,1755.43,1716.56
366.2,100.67,0.3135,12,9,1.695,22.07,77.93,0.259,100.67,2.5107,0.5,0.266,548.26,1014.71
339.38,100.49,0.7379,26,7,2.269,23.23,76.77,0.9542,100.49,2.5105,0.9298,0.2695,628.22,521.5
376.08,90.49,0.2969,14,7,4.748,36.78,63.22,0.7659,90.49,2.4977,0.6754,0.0395,1847.16,1789.63
348.41,99.75,0.2989,12,9,1.479,57.97,42.03,0.2078,99.75,2.5095,0.5,0.1974,1322.99,1473.87
376.63,103.48,0.592,34,22,4.538,35.53,64.47,1.1331,103.48,2.5143,0.5,0.3065,1756.36,1322.35
374.32,113.84,0.4431,20,14,1.785,20.73,79.27,0.2349,113.84,2.5278,0.686,0.2368,501.68,1009.95
368.87,85.7,0.6724,11,4,5.241,45.16,54.84,0.3382,85.7,2.4916,0.7821,0.35,2436.6,2658.09
368.41,107.52,0.3387,23,6,3.358,51.06,48.94,1.1886,107.52,2.5195,0.7842,0.001,1927.41,1367.06
326.19,107.64,0.6254,27,18,3.46,31.91,68.09,1.0831,107.64,2.5197,0.8286,0.2535,1227.36,940.23
325.5,87.5,0.4965,27,23,5.564,51.66,48.34,0.7229,87.5,2.4939,0.8485,0.0486,2896.15,2774.09
327.02,95.53,0.6939,17,12,4.786,24.04,75.96,0.1716,95.53,2.5041,0.877,0.3318,1191.17,1736.89
342.46,114.6,0.2924,27,19,6.694,59.44,40.56,0.4448,114.6,2.5288,0.8962,0.0037,3902.44,3948.0
349.56,88.34,0.7032,33,22,1.889,24.7,75.3,0.0136,88.34,2.495,0.9302,0.2252,619.44,1284.34
372.12,93.57,0.4374,13,4,1.27,58.8,41.2,0.2683,93.57,2.5016,0.5,0.35,1186.23,1305.02
357.76,100.69,0.7347,8,3,5.242,35.37,64.63,0.8349,100.69,2.5107,0.8952,0.35,1885.63,1757.53
358.81,90.09,0.4178,25,7,6.851,59.45,40.55,0.4659,90.09,2.4972,0.8729,0.0048,4035.88,3985.37
374.66,89.88,0.5924,25,21,5.409,44.54,55.46,0.987,89.88,2.4969,0.5,0.35,2532.2,2151.08
329.03,114.62,0.6553,32,24,6.009,42.76,57.24,0.713,114.62,2.5288,0.9265,0.1525,2595.94,2484.89
363.57,102.55,0.7066,26,19,2.598,28.2,71.8,0.9085,102.55,2.5131,0.9023,0.2622,877.27,736.56
336.12,86.41,0.6285,33,4,3.962,53.25,46.75,0.0266,86.41,2.4925,0.8938,0.1233,2279.18,2697.3
367.08,97.62,0.49,18,5,6.438,44.69,55.31,0.7672,97.62,2.5068,0.7657,0.1505,2901.25,2757.22
352.85,106.79,0.2955,22,12,6.202,57.98,42.02,0.5411,106.79,2.5186,0.8445,0.001,3611.73,3525.68
358.0,94.86,0.4963,26,17,1.948,25.12,74.88,0.2882,94.86,2.5032,0.7832,0.1995,653.81,1068.32
330.34,105.03,0.487,26,23,2.18,31.14,68.86,0.2307,105.03,2.5163,0.7951,0.1664,850.3,1267.63
322.36,105.71,0.5017,32,24,1.674,54.94,45.06,0.9593,105.71,2.5172,0.8565,0.0278,1256.57,863.34
349.07,96.11,0.3547,30,16,3.883,49.9,50.1,0.7419,96.11,2.5048,0.8702,0.0016,2145.87,1939.09
351.96,98.42,0.3036,32,25,3.388,20.8,79.2,0.291,98.42,2.5078,0.8693,0.049,775.17,1258.42
360.75,102.81,0.6953,20,4,1.704,41.48,58.52,0.947,102.81,2.5134,0.8337,0.35,954.04,673.64
358.76,95.89,0.3919,31,15,3.116,57.35,42.65,0.6849,95.89,2.5046,0.8619,0.001,2047.52,1840.4
349.44,114.25,0.2527,32,4,4.429,42.86,57.14,0.8675,114.25,2.5283,0.8974,0.001,1992.7,1767.07
334.54,100.23,0.4627,33,16,2.874,43.25,56.75,0.1378,100.23,2.5101,0.8755,0.0505,1433.55,1846.7
323.8,89.03,0.4183,20,10,5.897,30.19,69.81,1.188,89.03,2.4958,0.8082,0.1176,1792.35,1448.97
375.77,95.47,0.4559,19,4,1.921,49.23,50.77,0.9967,95.47,2.504,0.6638,0.1694,1277.48,852.7
332.1,108.86,0.3199,28,7,5.925,46.61,53.39,0.1964,108.86,2.5213,0.8823,0.0017,2774.57,3116.09
342.62,98.17,0.6583,13,3,5.536,40.11,59.89,0.5552,98.17,2.5075,0.7728,0.35,2289.41,2299.34
327.01,103.73,0.7032,14,5,3.142,25.57,74.43,1.1278,103.73,2.5146,0.8214,0.35,930.94,610.25
338.7,89.55,0.6443,30,3,1.394,42.8,57.2,0.2982,89.55,2.4965,0.8645,0.2116,899.08,1137.92
327.65,110.39,0.3053,15,7,4.021,36.36,63.64,0.4767,110.39,2.5233,0.6723,0.0609,1609.06,1788.62
340.55,113.77,0.6634,30,17,2.87,44.6,55.4,0.2728,113.77,2.5277,0.8959,0.1878,1493.97,1776.87
367.41,112.56,0.3011,17,3,4.542,44.27,55.73,0.0276,112.56,2.5261,0.7398,0.001,2121.84,2624.67
327.48,110.17,0.7424,29,25,2.519,44.32,55.68,1.105,110.17,2.523,0.9451,0.2006,1345.03,885.57
344.87,88.43,0.5519,13,4,3.901,39.23,60.77,1.0362,88.43,2.4951,0.5,0.35,1713.61,1309.57
338.69,86.02,0.3328,18,8,2.477,28.51,71.49,0.9366,86.02,2.492,0.6456,0.1285,903.71,676.3
331.07,101.05,0.6803,20,16,5.55,28.4,71.6,0.3595,101.05,2.5112,0.8891,0.2804,1638.95,1920.84
347.2,108.27,0.2829,24,20,4.083,50.61,49.39,0.6293,108.27,2.5205,0.8149,0.001,2228.54,2134.83
351.59,111.92,0.3862,30,20,6.229,36.32,63.68,0.9609,111.92,2.5253,0.8971,0.0287,2258.01,1996.17
354.17,95.18,0.5475,22,10,1.777,29.73,70.27,1.065,95.18,2.5036,0.6997,0.3054,715.72,441.32
337.59,91.15,0.584,14,9,5.468,53.93,46.07,1.0756,91.15,2.4985,0.5,0.35,3099.02,2565.94
341.78,109.75,0.4179,27,7,3.202,50.95,49.05,0.0411,109.75,2.5225,0.8337,0.001,1845.29,2271.26
348.26,114.56,0.5329,25,21,4.172,49.67,50.33,0.2185,114.56,2.5288,0.8011,0.1335,2235.47,2478.35
374.03,88.97,0.4609,12,5,5.971,41.19,58.81,0.8295,88.97,2.4958,0.6528,0.2382,2515.42,2312.77
326.39,106.61,0.4987,34,27,2.746,49.29,50.71,0.168,106.61,2.5184,0.8838,0.0427,1630.67,1907.56
366.25,97.13,0.6691,9,6,6.76,27.37,72.63,0.5064,97.13,2.5061,0.7855,0.35,1855.57,2054.02
376.96,103.31,0.6108,31,24,1.983,39.35,60.65,0.476,103.31,2.5141,0.8191,0.2013,1020.01,1150.51
329.28,113.66,0.6732,9,3,3.197,34.06,65.94,0.748,113.66,2.5276,0.675,0.35,1237.32,1223.35
320.14,87.33,0.288,13,4,1.798,32.58,67.42,1.1612,87.33,2.4937,0.5,0.1875,796.09,392.14
358.34,107.75,0.7291,12,8,4.896,59.22,40.78,0.9108,107.75,2.5199,0.8999,0.25,2997.71,2589.69
355.3,86.32,0.585,33,23,3.945,32.51,67.49,1.1992,86.32,2.4924,0.5,0.3104,1423.94,968.04
364.7,108.86,0.4609,10,4,4.23,45.78,54.22,0.0659,108.86,2.5213,0.5247,0.35,2108.13,2590.59
346.46,100.91,0.6925,14,10,4.329,51.63,48.37,0.4854,100.91,2.511,0.8398,0.3389,2380.88,2405.6
372.21,85.73,0.3665,30,15,4.268,57.56,42.44,0.0255,85.73,2.4917,0.8774,0.001,2604.05,2943.79
379.05,111.21,0.5638,32,9,4.231,49.29,50.71,0.9219,111.21,2.5244,0.8475,0.1142,2237.73,1886.82
336.64,102.67,0.6078,22,11,1.835,35.67,64.33,1.0924,102.67,2.5133,0.6444,0.35,891.3,507.06
374.22,103.02,0.6921,14,6,1.577,36.06,63.94,1.187,103.02,2.5137,0.7327,0.35,807.83,342.04
369.57,113.72,0.2684,29,17,2.455,40.73,59.27,0.9609,113.72,2.5276,0.8272,0.0059,1218.47,906.57
373.85,114.89,0.4956,20,10,5.538,21.39,78.61,0.5561,114.89,2.5292,0.7711,0.2215,1212.31,1418.39
322.13,110.57,0.2722,32,7,5.464,31.26,68.74,0.3949,110.57,2.5235,0.9077,0.0012,1744.19,2031.17
379.49,111.83,0.3047,20,16,4.636,52.99,47.01,0.0738,111.83,2.5252,0.7894,0.001,2565.77,2966.8
359.51,108.92,0.6893,34,18,5.309,53.48,46.52,1.0207,108.92,2.5214,0.9539,0.1171,2908.66,2449.19
372.31,111.43,0.3293,30,12,1.947,33.4,66.6,0.0351,111.43,2.5246,0.8247,0.0317,857.89,1439.96
337.22,85.19,0.5037,24,11,4.865,30.39,69.61,0.7403,85.19,2.491,0.8088,0.1851,1538.99,1538.74
377.78,101.24,0.6305,22,7,1.795,57.49,42.51,0.4102,101.24,2.5114,0.75,0.2894,1414.04,1409.07
340.75,102.47,0.2837,34,20,6.255,58.94,41.06,0.7451,102.47,2.513,0.927,0.001,3666.19,3377.09
346.75,105.5,0.6352,11,3,1.793,54.17,45.83,0.3284,105.5,2.5169,0.5691,0.35,1347.84,1449.6
327.88,91.9,0.6364,19,10,3.708,57.74,42.26,1.0417,91.9,2.4995,0.7646,0.3095,2339.71,1827.48
373.65,97.28,0.742,10,3,4.98,34.74,65.26,0.2759,97.28,2.5063,0.91,0.3269,1789.68,2141.37
365.66,110.34,0.6355,19,7,6.489,58.7,41.3,0.7515,110.34,2.5232,0.7971,0.2414,3789.26,3542.27
329.65,91.77,0.5292,28,23,4.624,37.33,62.67,0.7818,91.77,2.4993,0.8449,0.1503,1817.74,1708.0
365.42,104.71,0.6109,16,10,5.401,49.97,50.03,1.1432,104.71,2.5159,0.5742,0.35,2799.9,2261.22
376.47,108.27,0.423,8,3,6.319,23.3,76.7,0.0869,108.27,2.5205,0.5972,0.2879,1511.41,2102.71
360.22,86.24,0.6607,10,5,1.383,57.45,42.55,1.1419,86.24,2.4923,0.6257,0.35,1213.6,587.68
340.37,109.05,0.607,14,6,4.407,43.9,56.1,0.9778,109.05,2.5215,0.5,0.35,2132.03,1735.79
348.76,104.51,0.5466,26,16,3.154,27.28,72.72,0.7389,104.51,2.5156,0.7915,0.2307,1027.43,999.64
379.78,91.85,0.6096,10,6,2.357,47.21,52.79,1.1698,91.85,2.4994,0.5,0.35,1412.65,852.24
340.76,97.76,0.6214,27,20,6.229,43.15,56.85,0.4452,97.76,2.507,0.8522,0.2051,2708.01,2823.2
336.61,97.65,0.7004,29,14,3.426,38.63,61.37,0.7108,97.65,2.5068,0.9242,0.2031,1460.11,1435.45
342.37,103.98,0.5509,12,7,1.601,37.49,62.51,0.6151,103.98,2.515,0.5,0.35,888.46,907.78
359.13,87.86,0.5813,9,5,5.009,33.01,66.99,0.3746,87.86,2.4944,0.5,0.35,1759.61,2036.57
330.19,87.2,0.368,17,14,6.008,37.24,62.76,0.6237,87.2,2.4935,0.7782,0.0576,2252.76,2307.96
364.18,86.1,0.3338,12,3,6.096,52.23,47.77,0.7966,86.1,2.4921,0.7042,0.0015,3232.74,2978.55
351.87,86.71,0.3849,8,5,2.503,27.2,72.8,1.1239,86.71,2.4929,0.5,0.35,838.49,465.07
339.39,85.52,0.593,14,10,4.19,39.55,60.45,1.1677,85.52,2.4914,0.5,0.35,1807.98,1338.13
325.63,114.1,0.5867,13,7,6.787,30.21,69.79,0.8071,114.1,2.5281,0.5,0.35,2098.1,1990.63
326.79,108.06,0.6823,11,3,4.684,57.64,42.36,0.9546,108.06,2.5202,0.7873,0.35,2814.06,2408.21
339.09,103.15,0.3296,32,18,5.564,23.62,76.38,1.0397,103.15,2.5139,0.9053,0.0434,1350.68,1151.35
374.08,98.15,0.7128,30,21,6.24,35.03,64.97,1.0535,98.15,2.5074,0.9626,0.1608,2185.72,1837.97
342.83,101.9,0.5549,8,3,4.365,37.78,62.22,0.6582,101.9,2.5123,0.5,0.35,1805.48,1757.54
352.54,100.01,0.6297,9,4,6.503,52.55,47.45,1.1418,100.01,2.5098,0.5989,0.35,3435.78,2884.6
362.93,107.41,0.5247,28,25,3.699,55.87,44.13,0.6255,107.41,2.5194,0.8296,0.0613,2268.39,2113.01
357.04,89.99,0.3473,21,13,6.592,41.29,58.71,0.6277,89.99,2.4971,0.8393,0.0013,2697.4,2730.61
351.35,109.7,0.7384,19,12,5.839,27.38,72.62,0.1479,109.7,2.5224,0.9533,0.2198,1590.71,2132.82
351.59,96.21,0.6579,20,9,4.9,40.61,59.39,0.1348,96.21,2.505,0.8471,0.2918,2052.76,2495.16
366.2,112.18,0.4304,34,7,2.952,49.28,50.72,0.668,112.18,2.5256,0.888,0.0028,1684.7,1578.96
329.18,97.72,0.3249,19,4,3.943,41.41,58.59,0.2823,97.72,2.5069,0.736,0.0144,1772.67,2067.34
357.92,92.71,0.569,32,4,2.792,43.88,56.12,0.0701,92.71,2.5005,0.8096,0.1612,1466.78,1885.48
369.12,95.23,0.2579,13,4,6.452,50.9,49.1,0.7239,95.23,2.5037,0.7506,0.001,3276.21,3147.3
357.03,95.31,0.4335,9,6,5.842,29.35,70.65,0.5309,95.31,2.5038,0.5941,0.2923,1775.95,1970.31
360.17,94.99,0.4122,9,4,4.435,49.23,50.77,1.193,94.99,2.5034,0.5148,0.2674,2380.13,1774.19
332.06,105.7,0.3377,32,25,5.586,33.9,66.1,0.643,105.7,2.5172,0.9125,0.0144,1901.23,1969.53
352.4,112.81,0.7462,28,22,4.817,23.56,76.44,1.0104,112.81,2.5265,0.9588,0.1929,1180.4,1011.67
338.19,86.08,0.6044,9,3,1.708,57.48,42.52,0.3157,86.08,2.4921,0.5,0.35,1365.02,1450.87
375.16,100.47,0.5503,29,7,3.468,40.05,59.95,0.5964,100.47,2.5104,0.827,0.159,1569.5,1594.17
328.48,106.64,0.5162,21,11,3.071,20.92,79.08,0.2544,106.64,2.5184,0.7301,0.2745,743.33,1242.78
348.76,102.25,0.7164,21,3,4.716,50.59,49.41,0.3765,102.25,2.5127,0.9241,0.1979,2465.5,2602.72
321.55,87.05,0.4338,11,7,4.387,58.63,41.37,0.1622,87.05,2.4933,0.5599,0.1976,2746.89,3027.15
332.96,104.22,0.3028,30,21,3.441,42.58,57.42,0.7435,104.22,2.5153,0.8574,0.001,1655.99,1518.02
345.82,93.92,0.5597,28,11,5.74,30.62,69.38,0.2048,93.92,2.502,0.8149,0.2029,1808.93,2259.16
333.25,91.98,0.3644,11,6,6.118,48.97,51.03,0.2085,91.98,2.4996,0.6744,0.0426,3032.61,3358.44
330.61,99.45,0.5128,12,8,2.642,25.35,74.65,0.4645,99.45,2.5091,0.5,0.35,845.64,1089.35
339.41,103.57,0.3448,20,7,2.353,22.58,77.42,1.0012,103.57,2.5144,0.6891,0.1371,674.44,473.76
328.95,92.98,0.4997,9,6,2.612,46.07,53.93,0.1526,92.98,2.5008,0.5,0.35,1472.26,1841.05
326.13,88.99,0.7281,16,3,5.892,23.06,76.94,0.7904,88.99,2.4958,0.936,0.2585,1374.22,1369.63
343.18,99.86,0.6626,24,17,6.358,38.02,61.98,0.5401,99.86,2.5097,0.8997,0.218,2417.5,2521.79
322.13,88.16,0.6511,15,12,3.879,59.66,40.34,0.6103,88.16,2.4947,0.7362,0.35,2554.57,2333.42
345.46,87.06,0.6653,23,19,2.914,50.77,49.23,0.0991,87.06,2.4934,0.8417,0.2523,1711.37,2072.21
358.63,108.24,0.5575,25,12,5.833,31.71,68.29,0.6364,108.24,2.5205,0.7912,0.2269,1902.14,1953.93
327.69,104.69,0.6559,15,4,2.503,34.89,65.11,0.4059,104.69,2.5159,0.7008,0.35,1076.18,1299.77
331.85,88.65,0.3703,31,23,2.858,52.64,47.36,1.0643,88.65,2.4954,0.8553,0.0016,1748.59,1294.85
366.59,106.85,0.671,18,8,5.568,30.77,69.23,0.7874,106.85,2.5187,0.8658,0.3172,1747.43,1676.72
349.3,113.95,0.2959,19,15,3.598,50.33,49.67,0.1808,113.95,2.528,0.7292,0.0039,2019.24,2304.33
329.65,98.01,0.6886,15,3,5.502,55.26,44.74,0.6697,98.01,2.5073,0.8631,0.2587,3103.13,2937.45
368.91,107.27,0.4055,9,3,3.377,41.55,58.45,0.738,107.27,2.5192,0.5,0.35,1618.47,1488.47
365.52,107.49,0.2555,23,8,6.285,59.85,40.15,0.8141,107.49,2.5195,0.8608,0.001,3769.16,3433.54
344.76,96.75,0.5465,28,12,4.794,34.22,65.78,0.8347,96.75,2.5057,0.8248,0.1847,1706.34,1593.77
353.64,101.84,0.54,9,4,5.869,30.79,69.21,0.7242,101.84,2.5122,0.5129,0.35,1892.04,1844.91
351.04,108.66,0.6038,11,8,3.104,37.36,62.64,0.5282,108.66,2.521,0.5,0.35,1383.33,1463.73
358.55,112.99,0.7492,11,6,5.757,24.73,75.27,0.5055,112.99,2.5267,0.9415,0.2791,1449.92,1649.28
341.73,90.53,0.5439,20,13,1.34,53.27,46.73,0.4014,90.53,2.4977,0.6477,0.2959,1098.45,1160.62
372.36,97.89,0.3796,12,6,5.855,38.33,61.67,1.0103,97.89,2.5071,0.6792,0.1163,2302.27,1973.2
363.77,98.11,0.4982,29,16,4.739,25.41,74.59,0.9186,98.11,2.5074,0.8644,0.1503,1256.09,1142.58
374.38,92.41,0.3809,23,18,5.605,37.99,62.01,0.2995,92.41,2.5001,0.8352,0.0402,2169.88,2462.74
373.99,95.42,0.4555,31,13,6.788,42.41,57.59,0.0262,95.42,2.504,0.8979,0.0393,2851.64,3327.96
347.84,101.96,0.349,19,11,2.261,20.88,79.12,1.1664,101.96,2.5123,0.6613,0.1627,600.76,286.53
333.64,114.42,0.5226,18,11,5.792,41.95,58.05,0.4848,114.42,2.5286,0.7295,0.2305,2479.9,2604.22
332.97,104.93,0.3205,23,18,3.869,49.97,50.03,0.1171,104.93,2.5162,0.8011,0.001,2103.95,2456.15
349.84,108.82,0.739,28,22,4.36,50.34,49.66,0.4077,108.82,2.5212,0.956,0.1552,2301.68,2402.51
365.04,101.81,0.7233,9,3,1.746,33.75,66.25,0.6696,101.81,2.5122,0.7203,0.35,800.5,837.29
325.6,96.92,0.4758,18,10,2.283,23.76,76.24,0.5293,96.92,2.5059,0.6601,0.2906,669.5,890.64
373.82,90.88,0.5713,27,8,5.801,32.67,67.33,0.6242,90.88,2.4982,0.7475,0.2393,1919.42,2006.56
325.01,103.46,0.4702,19,13,4.13,58.69,41.31,1.0589,103.46,2.5143,0.7371,0.0537,2639.61,2101.01
345.65,111.46,0.333,34,7,4.447,41.1,58.9,0.1947,111.46,2.5247,0.9076,0.0017,1926.07,2293.75
369.14,110.75,0.3437,26,14,6.931,56.05,43.95,0.649,110.75,2.5238,0.8872,0.0032,3836.77,3663.92
334.66,100.76,0.6899,33,3,2.591,25.68,74.32,0.1355,100.76,2.5108,0.9236,0.2065,802.78,1368.63
370.49,95.57,0.5605,22,5,1.38,49.57,50.43,0.5655,95.57,2.5042,0.6635,0.2926,1040.94,978.11
324.62,87.18,0.7459,33,27,2.45,34.42,65.58,0.4085,87.18,2.4935,0.9558,0.1966,1013.21,1267.0
373.93,86.77,0.6537,13,5,1.201,26.76,73.24,0.7809,86.77,2.493,0.6044,0.35,509.96,468.92
368.14,97.38,0.3144,24,10,5.491,56.72,43.28,0.5749,97.38,2.5065,0.8532,0.001,3185.3,3076.68
321.08,109.15,0.627,16,13,4.844,41.31,58.69,1.1554,109.15,2.5217,0.6793,0.35,2106.57,1624.05
322.77,92.9,0.2842,27,16,4.67,31.89,68.11,0.6806,92.9,2.5007,0.8625,0.0035,1565.76,1613.88
331.12,111.77,0.5466,24,18,1.401,43.31,56.69,0.0948,111.77,2.5251,0.7356,0.2279,911.17,1354.67
374.58,87.82,0.3075,24,4,6.298,42.87,57.13,0.803,87.82,2.4943,0.8552,0.0024,2689.79,2506.01
373.55,103.06,0.6369,15,7,4.862,43.67,56.33,0.5321,103.06,2.5138,0.707,0.35,2220.4,2276.6
359.13,99.63,0.4423,9,5,5.513,40.25,59.75,1.1406,99.63,2.5094,0.5682,0.295,2302.99,1826.2
328.4,86.37,0.4862,8,3,3.122,39.28,60.72,0.3322,86.37,2.4925,0.5,0.35,1423.55,1677.32
320.46,85.17,0.5083,18,6,1.827,33.55,66.45,0.2629,85.17,2.491,0.6322,0.3343,804.9,1201.21
325.23,96.91,0.7159,31,23,3.202,40.3,59.7,0.7405,96.91,2.5059,0.9394,0.1891,1445.22,1349.59
344.66,97.65,0.4473,28,15,4.726,32.37,67.63,1.0891,97.65,2.5068,0.8596,0.0951,1623.09,1292.13
347.37,96.52,0.3072,26,17,3.63,50.05,49.95,0.4429,96.52,2.5054,0.8258,0.001,2022.43,2099.01
320.61,102.81,0.431,29,11,4.753,54.95,45.05,0.7633,102.81,2.5134,0.8702,0.0017,2707.07,2483.46
337.7,97.66,0.2559,20,17,1.454,24.92,75.08,0.5832,97.66,2.5068,0.6051,0.0844,551.04,732.19
345.8,105.77,0.6728,30,11,2.977,51.56,48.44,0.8076,105.77,2.5173,0.9113,0.1639,1765.42,1512.57
339.13,97.93,0.7083,33,29,4.686,48.22,51.78,0.6986,97.93,2.5072,0.9487,0.1435,2344.37,2204.02
340.75,111.7,0.3213,17,14,3.398,20.27,79.73,0.1854,111.7,2.525,0.6836,0.1303,766.72,1348.78
370.5,100.93,0.6736,13,3,1.811,26.69,73.31,0.6963,100.93,2.511,0.6865,0.35,629.62,683.67
349.27,89.41,0.4066,33,7,6.744,32.56,67.44,0.1561,89.41,2.4963,0.9193,0.0482,2141.27,2627.82
329.25,101.24,0.4202,9,3,5.619,53.35,46.65,0.6645,101.24,2.5114,0.5803,0.1777,3102.23,2943.24
336.21,95.27,0.2788,14,6,3.214,43.22,56.78,1.1597,95.27,2.5038,0.5812,0.0294,1603.08,1140.96
372.82,114.82,0.4509,32,26,4.8,28.05,71.95,0.7481,114.82,2.5291,0.8925,0.092,1439.28,1392.45
374.57,113.92,0.3639,20,17,6.246,25.23,74.77,0.8666,113.92,2.5279,0.8265,0.0848,1570.79,1529.61
328.93,113.32,0.6885,23,14,4.004,54.54,45.46,0.5552,113.32,2.5271,0.8869,0.2004,2335.21,2274.05
350.68,96.6,0.6309,25,19,6.22,59.23,40.77,0.5908,96.6,2.5055,0.856,0.1468,3695.97,3574.24
326.56,91.01,0.728,24,19,6.112,55.72,44.28,1.0248,91.01,2.4984,0.9582,0.1276,3401.17,2921.79
361.26,99.31,0.2596,29,12,1.98,31.98,68.02,0.8672,99.31,2.5089,0.81,0.001,811.68,691.11
379.87,85.27,0.7287,24,10,2.909,20.57,79.43,0.8122,85.27,2.4911,0.9219,0.2783,680.49,716.72
359.51,108.07,0.6267,11,5,4.759,23.54,76.46,0.9193,108.07,2.5203,0.5627,0.35,1172.84,1047.56
326.66,95.46,0.283,20,4,1.235,24.04,75.96,0.9699,95.46,2.504,0.6079,0.1146,470.8,289.57
360.01,106.3,0.3226,9,5,3.528,31.7,68.3,0.2533,106.3,2.518,0.5,0.2187,1274.69,1663.34
333.16,101.47,0.6711,26,23,3.614,50.38,49.62,0.0404,101.47,2.5117,0.891,0.194,1997.81,2432.33
358.23,101.64,0.6607,25,16,5.971,52.16,47.84,0.6315,101.64,2.5119,0.9029,0.1728,3130.93,3010.06
337.06,99.9,0.3857,9,5,1.515,49.95,50.05,0.1606,99.9,2.5097,0.5,0.35,1129.2,1406.3
320.23,110.18,0.2813,32,13,5.995,25.2,74.8,0.2962,110.18,2.523,0.9195,0.0191,1525.78,1949.79
342.64,97.67,0.7215,26,7,1.873,21.69,78.31,1.1236,97.67,2.5068,0.9067,0.292,542.4,289.88
372.53,92.63,0.3196,31,14,1.952,47.04,52.96,0.2194,92.63,2.5004,0.842,0.001,1163.03,1497.81
326.66,99.28,0.6829,10,6,1.217,54.36,45.64,0.7613,99.28,2.5089,0.6603,0.35,1080.32,789.31
363.83,111.09,0.4356,11,7,5.573,21.44,78.56,0.7773,111.09,2.5242,0.6385,0.2752,1242.66,1255.43
360.93,86.57,0.7373,8,3,2.867,34.71,65.29,0.5618,86.57,2.4927,0.8026,0.35,1140.19,1245.52
344.82,88.73,0.2597,22,8,4.279,43.81,56.19,0.5914,88.73,2.4955,0.7922,0.001,2005.91,2019.08
366.44,94.36,0.5888,15,12,6.171,43.01,56.99,0.9275,94.36,2.5026,0.5,0.35,2720.77,2419.17
340.51,94.96,0.4678,14,6,4.923,42.83,57.17,0.8868,94.96,2.5034,0.6664,0.2313,2237.23,1965.06
369.79,101.41,0.5878,31,10,2.401,26.09,73.91,0.7274,101.41,2.5116,0.5,0.3213,789.88,816.71
360.3,86.79,0.4867,15,11,2.587,41.23,58.77,0.6987,86.79,2.493,0.5898,0.3425,1325.4,1220.55
357.18,106.77,0.3525,32,12,3.028,31.05,68.95,1.0753,106.77,2.5186,0.8703,0.0414,1094.62,792.76
363.5,95.12,0.7237,16,4,5.203,57.22,42.78,0.6466,95.12,2.5036,0.9127,0.2007,3046.82,2873.4
341.26,107.83,0.401,21,7,4.801,57.15,42.85,1.1389,107.83,2.52,0.798,0.0041,2871.09,2261.82
348.88,110.92,0.5304,19,3,1.995,59.8,40.2,1.0772,110.92,2.524,0.6524,0.2364,1558.9,994.5
344.4,99.95,0.5683,32,14,2.705,37.48,62.52,1.1436,99.95,2.5098,0.8175,0.1724,1204.35,781.86
374.47,108.78,0.3451,18,13,4.224,59.09,40.91,1.1324,108.78,2.5212,0.7335,0.002,2716.96,2077.55
360.0,104.22,0.3737,31,20,5.675,39.96,60.04,0.1952,104.22,2.5153,0.9045,0.0063,2301.66,2658.88
370.88,94.65,0.361,34,24,3.686,21.17,78.83,0.8746,94.65,2.503,0.901,0.0681,847.38,814.45
379.6,112.59,0.4489,14,3,4.886,23.63,76.37,0.0539,112.59,2.5262,0.6658,0.2545,1236.9,1833.09
374.13,110.42,0.4578,27,22,1.36,53.59,46.41,1.0528,110.42,2.5233,0.7889,0.0356,1080.66,621.14
353.8,106.57,0.4657,19,12,6.07,25.75,74.25,0.513,106.57,2.5183,0.7904,0.1809,1574.42,1826.17
373.33,109.69,0.6316,20,15,2.681,31.83,68.17,0.6534,109.69,2.5224,0.7333,0.35,1000.02,1084.33
347.6,111.38,0.3976,34,10,1.476,49.07,50.93,0.1141,111.38,2.5246,0.8602,0.0034,1048.98,1438.88
337.4,86.36,0.4816,28,11,1.2,36.66,63.34,1.1172,86.36,2.4925,0.7951,0.1415,683.02,292.3
363.76,85.04,0.3652,13,5,5.046,49.68,50.32,1.1602,85.04,2.4908,0.6639,0.0454,2615.25,2059.25
330.9,109.5,0.6063,34,17,5.879,59.39,40.61,0.4451,109.5,2.5221,0.8446,0.0983,3554.31,3530.22
362.56,101.33,0.2892,16,3,6.723,21.7,78.3,0.2008,101.33,2.5115,0.8024,0.0586,1467.71,1981.92
350.83,88.08,0.6295,11,3,6.611,53.1,46.9,0.6107,88.08,2.4946,0.6464,0.35,3557.93,3429.94
371.7,106.87,0.5973,34,11,2.332,33.81,66.19,0.3289,106.87,2.5187,0.7272,0.2091,989.13,1321.46
342.83,99.89,0.7235,11,4,1.293,51.29,48.71,0.1956,99.89,2.5097,0.7287,0.35,1041.23,1297.43
350.07,101.77,0.2988,8,3,4.336,37.18,62.82,0.8474,101.77,2.5121,0.5,0.1428,1767.31,1577.44
357.5,105.31,0.6544,29,21,4.109,22.84,77.16,0.3799,105.31,2.5167,0.897,0.233,983.04,1385.94
321.19,90.61,0.3314,12,5,3.588,57.4,42.6,0.4688,90.61,2.4978,0.5598,0.0208,2304.61,2313.17
340.01,87.52,0.4279,34,4,2.391,35.26,64.74,0.813,87.52,2.4939,0.8722,0.0654,1040.35,933.76
339.52,114.71,0.5506,16,11,1.267,38.0,62.0,1.1295,114.71,2.529,0.5464,0.35,741.66,323.16
351.18,91.13,0.5411,10,4,4.197,49.61,50.39,0.0889,91.13,2.4985,0.5,0.35,2275.92,2668.36
375.53,90.16,0.5477,16,8,5.236,38.32,61.68,0.082,90.16,2.4973,0.6227,0.35,2120.98,2596.44
347.04,101.91,0.4366,13,3,4.249,29.98,70.02,0.8065,101.91,2.5123,0.6203,0.2609,1364.17,1315.26
366.34,85.2,0.7195,32,15,3.567,20.62,79.38,0.7502,85.2,2.491,0.9411,0.2061,815.39,883.75
331.31,110.19,0.4495,23,8,1.791,20.33,79.67,0.807,110.19,2.523,0.7382,0.2052,499.0,517.64
346.06,92.76,0.467,33,21,4.619,44.53,55.47,0.8681,92.76,2.5006,0.8878,0.0435,2145.73,1920.0
364.32,111.32,0.3496,8,3,1.292,23.09,76.91,0.0165,111.32,2.5245,0.5,0.3491,448.44,1140.0
342.33,102.84,0.5485,25,8,3.423,39.74,60.26,0.3996,102.84,2.5135,0.7789,0.2072,1530.89,1688.73
337.49,114.63,0.3767,24,11,2.396,51.99,48.01,0.9249,114.63,2.5288,0.7732,0.001,1548.44,1169.34
349.97,110.01,0.569,18,7,5.747,36.78,63.22,0.642,110.01,2.5228,0.6191,0.35,2162.25,2191.24
348.17,97.23,0.5451,22,3,5.634,36.39,63.61,0.034,97.23,2.5063,0.7554,0.2399,2095.26,2641.76
359.85,90.57,0.2852,20,17,5.174,24.42,75.58,1.058,90.57,2.4978,0.7933,0.0475,1308.67,1059.37
341.23,95.71,0.5178,32,15,2.985,56.55,43.45,0.9943,95.71,2.5043,0.8622,0.0274,1944.76,1452.64
326.15,111.29,0.7206,26,15,4.118,27.75,72.25,0.4713,111.29,2.5245,0.9387,0.2248,1220.06,1470.99
356.63,98.18,0.6242,12,9,2.24,47.76,52.24,0.1924,98.18,2.5075,0.5281,0.35,1384.76,1682.57
325.01,89.84,0.5075,18,12,6.314,24.86,75.14,0.023,89.84,2.4969,0.7513,0.2599,1578.06,2236.25
334.62,90.01,0.4055,29,17,5.546,42.88,57.12,0.3211,90.01,2.4971,0.8833,0.0163,2424.46,2671.62
365.22,97.36,0.5895,9,5,4.371,43.02,56.98,0.2444,97.36,2.5064,0.5,0.35,2048.87,2356.03
326.86,100.37,0.7402,10,4,4.145,36.77,63.23,0.9178,100.37,2.5103,0.8845,0.35,1659.03,1420.71
320.6,92.6,0.5943,31,26,6.049,52.86,47.14,0.8681,92.6,2.5004,0.6737,0.2216,3278.35,2920.05
371.3,90.5,0.4756,10,5,1.639,35.51,64.49,1.0591,90.5,2.4977,0.5,0.35,839.22,471.55
324.45,104.45,0.2833,20,8,3.714,59.89,40.11,0.4506,104.45,2.5156,0.738,0.0022,2449.37,2418.5
342.17,87.06,0.4363,27,13,5.009,48.35,51.65,0.5571,87.06,2.4934,0.8553,0.0209,2510.88,2524.45
355.02,108.0,0.2832,20,16,5.857,40.72,59.28,0.9384,108.0,2.5202,0.8246,0.001,2436.32,2160.76
373.42,90.85,0.3349,24,18,5.601,43.89,56.11,0.9,90.85,2.4981,0.8534,0.0016,2527.73,2257.2
362.98,99.22,0.3282,15,10,3.02,29.66,70.34,0.3251,99.22,2.5088,0.6036,0.1374,1049.91,1418.97
361.77,87.31,0.344,33,25,5.025,51.85,48.15,0.4594,87.31,2.4937,0.9073,0.001,2685.69,2732.75
336.17,94.74,0.5682,33,16,2.469,43.81,56.19,0.2291,94.74,2.5031,0.8292,0.1447,1322.22,1637.76
325.3,90.63,0.6304,19,3,3.708,21.25,78.75,0.8387,90.63,2.4979,0.7379,0.35,863.06,848.76
373.88,94.69,0.5834,15,9,6.978,53.02,46.98,1.0657,94.69,2.503,0.5,0.35,3743.09,3231.6
339.6,114.97,0.2975,17,5,6.986,29.66,70.34,0.8978,114.97,2.5293,0.822,0.0289,2067.48,1910.84
359.26,94.38,0.5331,13,9,5.633,44.95,55.05,0.2784,94.38,2.5026,0.5936,0.35,2657.0,2891.18
354.86,102.61,0.6822,26,13,5.122,25.54,74.46,1.1888,102.61,2.5132,0.9248,0.2334,1336.58,1010.31
357.98,103.56,0.4357,28,14,4.066,54.44,45.56,0.5631,103.56,2.5144,0.8565,0.001,2389.31,2313.85
371.82,95.87,0.6664,18,7,4.864,22.18,77.82,0.1321,95.87,2.5045,0.8386,0.35,1124.84,1696.87
344.83,109.31,0.6239,29,24,4.562,38.12,61.88,0.245,109.31,2.5219,0.8524,0.2064,1858.37,2173.23
377.21,104.17,0.7051,9,3,6.036,45.7,54.3,1.0579,104.17,2.5152,0.8637,0.35,2775.6,2335.48
333.85,87.0,0.6013,27,22,2.628,47.63,52.37,1.0988,87.0,2.4933,0.7212,0.2573,1525.36,1014.94
332.03,88.76,0.6923,24,17,4.698,44.76,55.24,0.2595,88.76,2.4955,0.9129,0.2041,2159.99,2450.21
338.36,111.76,0.5847,9,4,3.614,26.72,73.28,0.6623,111.76,2.5251,0.5,0.35,1112.85,1126.51
326.87,89.98,0.7427,30,10,2.402,45.22,54.78,0.0104,89.98,2.497,0.939,0.199,1298.27,1792.18
373.89,90.1,0.7377,13,9,6.923,30.85,69.15,0.9322,90.1,2.4972,0.9514,0.2324,2091.83,1903.15
338.7,94.11,0.6403,30,19,3.762,59.37,40.63,0.0038,94.11,2.5023,0.889,0.1149,2419.85,2780.28
352.83,95.41,0.3454,24,17,2.356,21.8,78.2,1.1901,95.41,2.5039,0.7601,0.1077,636.22,311.29
353.57,104.68,0.4854,14,11,6.187,36.27,63.73,0.8244,104.68,2.5159,0.6928,0.2433,2271.28,2140.11
330.53,113.54,0.3482,32,28,6.244,36.11,63.89,0.6813,113.54,2.5274,0.9127,0.0096,2250.03,2246.91
374.19,97.2,0.4954,13,10,4.441,34.85,65.15,0.7246,97.2,2.5062,0.5994,0.35,1688.15,1603.35
379.31,95.13,0.5366,28,22,2.648,30.53,69.47,0.0303,95.13,2.5036,0.8143,0.1957,954.59,1576.03
325.63,95.54,0.4792,25,15,6.679,44.4,55.6,0.5834,95.54,2.5041,0.8587,0.0746,2961.42,2956.65
376.11,106.12,0.5065,21,16,3.959,46.98,53.02,0.451,106.12,2.5177,0.7496,0.1642,2021.42,2148.01
357.58,88.7,0.6368,32,22,6.585,59.86,40.14,0.3342,88.7,2.4954,0.9149,0.082,3888.61,3962.46
374.9,108.2,0.4828,34,14,3.403,52.06,47.94,0.227,108.2,2.5204,0.8946,0.0132,1976.11,2211.03
353.95,105.32,0.3685,13,8,1.584,20.77,79.23,1.115,105.32,2.5167,0.5,0.3101,465.4,211.47
377.69,85.9,0.4225,26,9,2.74,44.46,55.54,0.8014,85.9,2.4919,0.7975,0.056,1446.26,1264.63
377.8,93.45,0.3887,24,11,3.212,37.43,62.57,0.0123,93.45,2.5014,0.7869,0.0701,1361.18,1918.62
379.5,87.67,0.6748,19,10,6.646,38.11,61.89,0.6492,87.67,2.4941,0.8909,0.2508,2519.17,2493.81
346.93,95.24,0.3865,10,4,1.229,22.4,77.6,1.0959,95.24,2.5037,0.5,0.35,431.29,158.99
376.49,88.44,0.3971,10,6,6.217,29.98,70.02,0.941,88.44,2.4951,0.6499,0.1975,1916.63,1697.72
326.42,93.97,0.3975,9,4,6.653,44.15,55.85,0.5281,93.97,2.5021,0.6477,0.1371,2963.42,2991.22
376.99,105.46,0.3085,22,16,4.867,43.34,56.66,0.1645,105.46,2.5169,0.8091,0.001,2202.98,2578.47
351.39,111.19,0.3029,15,4,4.451,57.71,42.29,0.8396,111.19,2.5243,0.6897,0.001,2746.82,2408.87
325.53,95.85,0.2878,12,3,6.395,51.34,48.66,0.7021,95.85,2.5045,0.7278,0.004,3303.97,3153.2
364.89,108.68,0.6866,29,11,1.384,51.28,48.72,0.6735,108.68,2.5211,0.8867,0.2027,1029.76,917.0
328.27,102.23,0.7447,17,7,5.522,23.06,76.94,0.8265,102.23,2.5127,0.9472,0.2413,1270.18,1279.73
374.77,95.75,0.6673,21,17,2.01,43.06,56.94,0.6788,95.75,2.5044,0.8127,0.3383,1108.95,1036.13
324.59,105.38,0.2584,9,4,6.635,32.47,67.53,0.5049,105.38,2.5168,0.6881,0.0261,2144.97,2364.38
333.44,110.35,0.7141,22,13,1.455,47.73,52.27,0.287,110.35,2.5232,0.8556,0.3183,1017.4,1236.65
346.29,94.59,0.2734,25,3,3.776,50.0,50.0,1.0791,94.59,2.5029,0.8241,0.0049,2052.03,1582.47
321.75,101.69,0.394,11,7,2.477,40.73,59.27,1.0887,101.69,2.512,0.5,0.3243,1243.56,807.02
347.88,86.51,0.6682,32,18,3.539,50.1,49.9,0.4555,86.51,2.4927,0.9257,0.1503,1975.06,2007.32
369.98,89.39,0.6622,33,16,1.824,50.73,49.27,0.6484,89.39,2.4963,0.8905,0.1574,1237.14,1099.56
332.91,112.05,0.3872,10,4,1.237,59.13,40.87,1.0612,112.05,2.5255,0.5,0.35,1161.05,618.31
376.81,109.16,0.5855,23,13,3.836,51.21,48.79,0.4803,109.16,2.5217,0.5,0.35,2183.14,2200.12
345.19,111.61,0.2828,30,27,2.129,26.84,73.16,0.5963,111.61,2.5249,0.8333,0.0302,713.3,880.33
356.15,104.85,0.2583,10,5,1.338,53.4,46.6,0.1956,104.85,2.5161,0.5,0.2522,1105.67,1366.85
354.44,86.18,0.2753,28,18,1.266,51.49,48.51,0.4715,86.18,2.4922,0.7646,0.001,987.99,1073.9
336.51,101.33,0.7369,15,9,1.965,40.53,59.47,0.8513,101.33,2.5115,0.8364,0.35,1028.02,820.86
325.39,87.63,0.3797,29,17,6.25,23.34,76.66,0.2319,87.63,2.4941,0.8973,0.0695,1454.99,1949.15
343.67,95.03,0.4711,26,15,4.518,52.22,47.78,0.6359,95.03,2.5035,0.8332,0.032,2483.45,2369.85
360.78,97.25,0.4305,11,8,3.473,47.89,52.11,0.068,97.25,2.5063,0.5231,0.2995,1905.45,2302.22
333.8,93.92,0.6978,13,6,5.1,53.04,46.96,0.4936,93.92,2.502,0.8626,0.3071,2773.48,2782.5
360.28,95.81,0.619,9,3,6.957,26.25,73.75,0.3248,95.81,2.5045,0.5641,0.35,1860.08,2223.09
357.16,99.03,0.3947,9,4,3.116,42.57,57.43,0.4934,99.03,2.5086,0.5,0.35,1557.68,1639.05
366.77,101.69,0.6616,25,14,1.433,55.6,44.4,0.0194,101.69,2.512,0.8377,0.2314,1177.47,1548.3
378.75,88.78,0.3014,20,5,3.081,47.06,52.94,0.8086,88.78,2.4955,0.7204,0.004,1686.13,1484.64
366.11,93.28,0.4645,17,10,3.078,46.45,53.55,0.2715,93.28,2.5012,0.6552,0.204,1643.15,1918.01
326.81,106.04,0.311,33,27,6.587,33.28,66.72,1.1963,106.04,2.5176,0.9233,0.0013,2163.93,1750.6
345.58,103.94,0.2639,31,24,2.916,46.55,53.45,0.6578,103.94,2.5149,0.8552,0.0029,1573.31,1541.39
356.05,87.7,0.2847,33,14,2.074,54.06,45.94,0.4092,87.7,2.4942,0.8445,0.0027,1440.79,1521.93
365.38,92.61,0.5406,12,6,3.09,25.11,74.89,0.098,92.61,2.5004,0.5,0.35,920.93,1501.26
327.58,88.82,0.6686,24,11,3.872,39.96,60.04,0.9761,88.82,2.4956,0.8789,0.2473,1656.29,1393.13
320.82,111.74,0.3994,26,16,1.275,41.61,58.39,0.3873,111.74,2.525,0.7692,0.0725,823.89,1008.84
343.32,103.21,0.44,30,3,3.027,23.87,76.13,0.2884,103.21,2.514,0.8602,0.1141,847.97,1281.27
344.16,94.17,0.4135,13,10,3.028,25.33,74.67,0.807,94.17,2.5024,0.5524,0.2915,927.8,872.61
372.37,107.6,0.6003,13,5,4.791,27.47,72.53,0.6,107.6,2.5197,0.5,0.35,1406.23,1536.74
326.48,113.9,0.3128,18,15,4.34,23.44,76.56,0.5742,113.9,2.5279,0.7471,0.0934,1099.31,1271.73
349.89,86.25,0.66,21,6,2.985,44.55,55.45,0.8272,86.25,2.4923,0.8268,0.3078,1556.17,1299.26
362.1,90.7,0.4831,18,5,6.486,20.84,79.16,0.6678,90.7,2.4979,0.7662,0.2257,1367.01,1508.03
343.76,105.27,0.4157,21,12,3.591,57.39,42.61,0.9075,105.27,2.5166,0.7585,0.001,2297.57,1896.12
340.36,86.86,0.4389,21,5,5.017,59.91,40.09,0.6071,86.86,2.4931,0.7824,0.001,3114.63,2967.74
343.24,97.44,0.6916,29,22,3.502,38.22,61.78,0.7916,97.44,2.5065,0.9273,0.2019,1471.5,1352.63
351.52,92.87,0.3403,34,22,2.925,26.5,73.5,0.1335,92.87,2.5007,0.8795,0.0475,918.19,1469.78
341.82,86.26,0.3575,15,10,5.857,41.61,58.39,0.1183,86.26,2.4923,0.7411,0.0422,2481.61,2930.47
329.09,89.3,0.3982,11,7,1.668,57.58,42.42,0.5193,89.3,2.4962,0.5,0.35,1397.32,1277.16
336.62,108.5,0.6643,8,5,6.276,58.84,41.16,1.1291,108.5,2.5208,0.7333,0.35,3728.43,3108.41
376.16,102.42,0.5081,8,4,5.896,58.02,41.98,0.8067,102.42,2.5129,0.5115,0.35,3577.76,3197.03
355.97,86.64,0.4405,19,8,2.455,37.7,62.3,1.0829,86.64,2.4928,0.6805,0.191,1156.8,750.05
357.89,109.78,0.5273,32,23,3.602,58.32,41.68,0.9413,109.78,2.5225,0.8785,0.0204,2319.94,1865.35
323.58,90.55,0.5358,17,7,4.236,29.07,70.93,0.7252,90.55,2.4978,0.6479,0.35,1316.97,1332.75
343.2,91.07,0.3422,22,8,4.168,39.33,60.67,0.0614,91.07,2.4984,0.7945,0.0222,1762.67,2250.16
354.43,87.13,0.281,23,11,4.436,58.39,41.61,0.6792,87.13,2.4934,0.8184,0.0022,2739.4,2554.9
327.62,90.1,0.2886,23,16,2.626,34.33,65.67,0.1479,90.1,2.4972,0.749,0.0194,1100.38,1579.91
344.93,99.69,0.4554,8,4,6.934,21.66,78.34,0.0288,99.69,2.5094,0.6031,0.3356,1493.29,2190.9
332.47,103.53,0.2755,20,4,3.126,51.27,48.73,0.7052,103.53,2.5144,0.7255,0.001,1858.77,1684.84
377.7,105.62,0.4125,31,11,4.858,49.59,50.41,0.8763,105.62,2.5171,0.8892,0.0011,2507.54,2202.61
342.33,106.95,0.3863,27,19,6.752,55.61,44.39,0.6263,106.95,2.5188,0.8894,0.0052,3724.45,3602.33
357.97,86.78,0.5343,20,16,1.264,49.21,50.79,0.9227,86.78,2.493,0.6457,0.2979,973.88,610.89
363.85,94.08,0.4272,20,13,3.229,29.75,70.25,0.8409,94.08,2.5023,0.7241,0.1698,1081.18,992.79
335.27,109.82,0.2846,23,8,3.117,49.79,50.21,0.5676,109.82,2.5226,0.7649,0.001,1765.16,1751.9
374.72,94.52,0.4703,16,4,2.871,20.26,79.74,0.0731,94.52,2.5028,0.6211,0.3171,699.08,1344.88
325.49,99.15,0.3372,24,15,2.671,45.68,54.32,0.7508,99.15,2.5087,0.7705,0.001,1460.27,1290.8
368.5,103.81,0.408,29,21,2.683,33.1,66.9,0.734,103.81,2.5147,0.837,0.0766,1045.81,1051.7
355.38,102.82,0.468,16,13,1.709,26.87,73.13,0.0809,102.82,2.5135,0.5774,0.3376,631.44,1204.7
358.96,85.42,0.6559,16,12,6.61,20.81,79.19,0.8027,85.42,2.4913,0.8396,0.35,1386.72,1402.71
363.21,114.91,0.7159,15,5,1.485,29.24,70.76,0.3447,114.91,2.5292,0.7862,0.35,623.51,961.43
360.49,100.0,0.6796,31,11,5.608,32.5,67.5,0.2869,100.0,2.5098,0.9331,0.1785,1842.14,2211.43
366.91,94.1,0.7173,32,20,3.106,22.18,77.82,0.919,94.1,2.5023,0.9496,0.2089,767.48,719.92
338.8,91.2,0.3236,29,21,4.236,56.86,43.14,0.7633,91.2,2.4986,0.8674,0.0019,2556.79,2321.82
359.46,89.29,0.6326,26,19,1.562,39.45,60.55,0.7699,89.29,2.4962,0.8086,0.2683,890.16,746.89
371.52,94.07,0.6877,9,6,2.051,47.61,52.39,1.0287,94.07,2.5022,0.6792,0.35,1271.21,810.04
327.2,100.32,0.5729,10,5,6.196,25.49,74.51,0.3745,100.32,2.5102,0.5,0.35,1646.13,1976.39
338.78,113.37,0.656,16,3,4.667,23.28,76.72,1.0302,113.37,2.5272,0.7874,0.35,1123.52,954.8
333.06,113.78,0.6798,30,11,5.959,47.07,52.93,0.1058,113.78,2.5277,0.9329,0.1507,2782.37,3210.95
378.87,108.79,0.4886,22,5,6.065,46.84,53.16,1.119,108.79,2.5212,0.8127,0.0972,2870.69,2392.25
373.18,97.23,0.3063,13,5,5.139,45.26,54.74,0.0566,97.23,2.5063,0.6762,0.001,2429.61,2891.59
328.36,96.79,0.6378,24,15,6.86,34.77,65.23,0.0129,96.79,2.5057,0.859,0.2398,2316.05,2950.68
350.47,100.17,0.69,15,8,3.949,38.05,61.95,0.166,100.17,2.51,0.8308,0.35,1591.68,2027.74
371.19,111.85,0.6588,18,3,2.806,21.84,78.16,0.8083,111.85,2.5252,0.774,0.35,709.36,738.26
320.1,92.79,0.6728,12,3,3.628,28.79,71.21,0.4517,92.79,2.5006,0.7423,0.35,1162.25,1401.85
327.15,97.92,0.7144,25,13,5.515,48.44,51.56,0.6149,97.92,2.5072,0.9476,0.1631,2714.32,2633.74
324.87,103.74,0.3873,24,7,5.182,52.6,47.4,0.5426,103.74,2.5146,0.8416,0.0019,2807.4,2777.67
368.48,86.13,0.5175,14,10,2.821,51.3,48.7,0.3849,86.13,2.4922,0.5485,0.35,1726.71,1839.67
339.55,110.76,0.5173,31,21,1.306,56.17,43.83,1.1449,110.76,2.5238,0.8342,0.0441,1109.25,531.17
346.32,95.9,0.362,26,11,4.315,53.6,46.4,1.173,95.9,2.5046,0.8461,0.001,2473.43,1881.73
337.02,106.54,0.7079,9,5,5.613,21.71,78.29,0.3915,106.54,2.5183,0.8567,0.35,1229.06,1610.09
332.74,99.49,0.47,11,4,4.114,20.58,79.42,0.1387,99.49,2.5092,0.5469,0.35,925.4,1544.72
331.66,106.03,0.5461,19,8,4.997,36.45,63.55,0.5366,106.03,2.5176,0.6989,0.3011,1929.54,2007.15
377.05,90.58,0.3603,22,14,6.824,49.39,50.61,0.2519,90.58,2.4978,0.8584,0.0019,3338.4,3572.77
350.49,109.87,0.5018,23,16,3.973,50.72,49.28,0.7443,109.87,2.5226,0.7934,0.1093,2210.55,1955.37
361.79,109.78,0.6229,16,3,4.459,46.86,53.14,1.1089,109.78,2.5225,0.6515,0.35,2251.19,1761.71
345.56,92.26,0.526,22,12,4.473,57.32,42.68,1.1613,92.26,2.4999,0.7652,0.1219,2738.61,2121.99
348.35,99.14,0.3466,25,9,3.596,27.97,72.03,0.4539,99.14,2.5087,0.8104,0.068,1130.03,1384.73
325.22,95.81,0.6126,31,10,2.401,41.76,58.24,0.2426,95.81,2.5045,0.8326,0.1944,1206.07,1538.48
326.69,95.29,0.6562,15,12,5.501,41.87,58.13,0.6845,95.29,2.5038,0.7936,0.35,2339.26,2290.93
339.67,112.49,0.3331,24,6,6.722,49.52,50.48,0.4465,112.49,2.526,0.8806,0.0015,3269.49,3370.58
345.43,112.58,0.622,24,20,6.01,27.61,72.39,0.4106,112.58,2.5261,0.8073,0.2886,1667.69,1947.93
367.78,106.75,0.4061,15,6,5.789,44.06,55.94,0.9995,106.75,2.5186,0.7375,0.0774,2599.73,2246.99
355.01,96.62,0.2813,13,10,3.986,46.47,53.53,0.557,96.62,2.5055,0.6088,0.001,2032.62,2079.97
326.37,96.41,0.2634,33,13,4.756,52.22,47.78,0.6376,96.41,2.5052,0.9112,0.0024,2599.28,2493.55
323.23,97.86,0.5055,30,17,3.135,35.51,64.49,0.0265,97.86,2.5071,0.8515,0.1276,1295.91,1832.38
338.56,97.55,0.6778,21,8,4.084,27.14,72.86,1.1241,97.55,2.5067,0.8623,0.3079,1193.36,856.58
371.08,91.21,0.542,14,7,2.255,37.21,62.79,0.1011,91.21,2.4986,0.5058,0.35,1107.16,1557.02
322.49,91.35,0.3482,18,8,6.176,46.68,53.32,0.3865,91.35,2.4988,0.8009,0.001,2907.75,3062.09
323.17,92.77,0.5138,24,5,2.956,41.3,58.7,0.8713,92.77,2.5006,0.7814,0.1783,1412.13,1179.39
363.66,114.09,0.5586,24,12,4.632,27.68,72.32,1.1071,114.09,2.5281,0.77,0.2605,1350.63,1083.93
351.16,95.03,0.5143,27,18,2.278,23.4,76.6,0.2371,95.03,2.5035,0.8113,0.2023,638.7,1147.37
375.97,95.41,0.5291,14,11,3.102,49.49,50.51,1.1072,95.41,2.5039,0.5529,0.35,1802.9,1265.49
364.44,101.58,0.256,17,10,6.84,40.72,59.28,0.582,101.58,2.5119,0.8133,0.0022,2723.39,2797.23
370.25,88.18,0.2874,34,12,4.128,50.75,49.25,0.2878,88.18,2.4948,0.8978,0.001,2255.65,2441.51
322.4,97.65,0.3812,25,20,3.128,32.62,67.38,0.5389,97.65,2.5068,0.8001,0.0766,1170.34,1312.93
371.9,114.1,0.7331,15,11,2.854,45.23,54.77,0.721,114.1,2.5282,0.8635,0.35,1491.02,1387.65
323.37,112.74,0.409,32,18,4.74,41.86,58.14,0.5828,112.74,2.5264,0.893,0.0162,2069.62,2118.17
320.96,87.99,0.5074,20,7,4.699,23.19,76.81,1.1564,87.99,2.4945,0.7473,0.256,1134.79,841.43
344.38,107.99,0.5409,12,5,6.416,44.94,55.06,1.0558,107.99,2.5202,0.5784,0.35,2951.0,2519.57
365.39,90.52,0.4005,18,14,4.776,21.61,78.39,0.569,90.52,2.4977,0.7454,0.1575,1080.92,1301.21
345.53,108.07,0.3518,28,12,1.4,37.83,62.17,0.6785,108.07,2.5203,0.7901,0.0375,788.65,757.76
369.77,96.64,0.7066,21,4,5.558,57.65,42.35,0.1604,96.64,2.5055,0.9219,0.1612,3243.2,3496.33
365.92,106.02,0.4161,17,13,5.828,49.54,50.46,1.1153,106.02,2.5176,0.7658,0.0359,2925.18,2418.4
363.06,104.28,0.7415,19,4,5.851,37.38,62.62,1.1719,104.28,2.5154,0.9512,0.2024,2209.72,1746.17
346.67,103.25,0.4469,17,14,2.536,31.57,68.43,0.8908,103.25,2.514,0.6497,0.245,982.53,833.1
340.34,85.5,0.587,11,3,2.837,43.41,56.59,0.9548,85.5,2.4914,0.5,0.35,1482.84,1133.81
338.64,107.51,0.504,30,26,3.908,34.39,65.61,0.6174,107.51,2.5195,0.8686,0.125,1465.09,1520.61
365.42,99.26,0.3975,25,20,3.987,22.75,77.25,0.8269,99.26,2.5089,0.8142,0.1165,978.46,977.28
323.28,101.73,0.6632,12,7,2.887,38.78,61.22,1.1662,101.73,2.5121,0.6803,0.35,1314.36,844.46
348.3,108.4,0.3989,19,7,3.13,57.6,42.4,0.273,108.4,2.5207,0.7056,0.001,2075.61,2244.38
323.01,114.51,0.6048,24,9,4.888,50.63,49.37,0.116,114.51,2.5287,0.6702,0.3059,2583.8,2948.48
356.57,88.36,0.531,18,3,6.923,30.03,69.97,0.6821,88.36,2.495,0.7348,0.2814,2072.1,2132.83
375.86,86.72,0.7227,13,8,6.365,30.51,69.49,0.0606,86.72,2.4929,0.9172,0.2701,1939.29,2529.37
346.85,96.77,0.6603,20,8,1.571,22.97,77.03,0.876,96.77,2.5057,0.782,0.35,490.64,434.17
357.51,108.83,0.4236,31,9,4.507,44.41,55.59,1.1252,108.83,2.5212,0.8855,0.0177,2121.4,1660.94
377.35,111.02,0.3566,14,6,1.762,22.23,77.77,0.2841,111.02,2.5241,0.5,0.2569,536.99,992.24
371.11,89.0,0.584,30,19,6.395,21.16,78.84,0.9806,89.0,2.4958,0.5,0.2811,1379.64,1246.51
365.04,90.63,0.6027,34,29,2.275,27.28,72.72,0.2832,90.63,2.4979,0.8299,0.2028,775.98,1181.27
334.65,111.18,0.5772,9,5,3.455,25.26,74.74,0.5401,111.18,2.5243,0.5,0.35,988.83,1195.98
350.84,101.51,0.5498,14,6,3.073,55.56,44.44,0.8281,101.51,2.5118,0.5169,0.35,1997.28,1665.64
369.31,88.19,0.3652,14,11,1.478,57.94,42.06,0.1668,88.19,2.4948,0.5,0.1932,1276.03,1531.18
344.31,108.59,0.5705,26,9,5.126,22.56,77.44,0.0032,108.59,2.5209,0.7647,0.2628,1208.94,1892.04
347.62,110.31,0.2652,29,24,6.729,22.91,77.09,0.2611,110.31,2.5232,0.9084,0.0183,1533.32,2039.56
334.33,93.69,0.3128,12,4,1.243,40.37,59.63,0.2563,93.69,2.5018,0.5,0.2838,776.19,1106.56
336.07,95.76,0.6083,20,6,5.53,20.5,79.5,0.5187,95.76,2.5044,0.6614,0.35,1183.01,1413.49
333.55,108.33,0.7465,34,28,3.776,25.48,74.52,0.2112,108.33,2.5206,0.9634,0.1826,1043.42,1524.26
343.81,98.74,0.5157,20,5,3.952,33.35,66.65,0.5175,98.74,2.5082,0.7333,0.2498,1468.14,1606.52
333.97,86.53,0.5094,9,4,2.254,40.17,59.83,0.5904,86.53,2.4927,0.5,0.35,1143.53,1171.69
362.46,111.03,0.7139,13,8,5.886,50.71,49.29,0.1275,111.03,2.5241,0.9034,0.2542,3005.47,3355.56
351.72,98.75,0.5732,13,8,1.672,37.4,62.6,0.0413,98.75,2.5082,0.5,0.35,893.1,1400.95
326.26,89.9,0.6475,9,4,5.068,30.69,69.31,0.1746,89.9,2.4969,0.6442,0.35,1639.65,2094.37
357.29,94.47,0.5716,14,7,1.974,35.47,64.53,0.2638,94.47,2.5027,0.5,0.35,947.04,1283.39
346.21,90.12,0.6791,31,22,4.994,59.93,40.07,0.5568,90.12,2.4972,0.9269,0.0972,3093.02,2976.31
335.31,101.18,0.5071,18,8,4.613,28.51,71.49,0.9215,101.18,2.5113,0.7192,0.2719,1393.86,1254.75
336.51,113.41,0.6421,28,19,3.162,56.56,43.44,0.4776,113.41,2.5272,0.8652,0.1589,2013.2,2029.88
360.02,95.29,0.2785,23,7,2.01,48.63,51.37,0.123,95.29,2.5038,0.7213,0.001,1276.78,1669.02
376.26,89.12,0.5364,8,3,5.096,33.36,66.64,0.4223,89.12,2.4959,0.5054,0.35,1840.72,2032.42
354.95,100.81,0.5659,17,8,2.282,27.53,72.47,0.8205,100.81,2.5109,0.5326,0.35,818.89,728.56
355.78,95.49,0.4134,33,21,2.71,53.54,46.46,0.3291,95.49,2.504,0.8765,0.0033,1715.77,1865.9
338.35,105.82,0.3919,34,3,1.649,40.51,59.49,0.9111,105.82,2.5173,0.8591,0.0225,901.15,701.63
359.62,87.12,0.6384,29,7,4.084,58.01,41.99,0.971,87.12,2.4934,0.875,0.1298,2550.55,2097.99
322.88,103.64,0.3589,31,12,5.602,40.02,59.98,0.5803,103.64,2.5145,0.8969,0.0024,2279.44,2313.11
338.57,107.64,0.5468,10,7,6.908,31.69,68.31,0.5376,107.64,2.5197,0.5161,0.35,2197.48,2364.31
373.75,92.97,0.7076,22,4,6.461,26.75,73.25,0.1242,92.97,2.5008,0.9404,0.2175,1712.4,2273.9
338.22,90.65,0.4008,32,25,1.807,36.92,63.08,0.1116,90.65,2.4979,0.8456,0.0537,900.06,1364.39
330.01,87.93,0.3486,28,20,3.254,46.23,53.77,1.1085,87.93,2.4944,0.8429,0.0018,1713.99,1258.9
347.33,86.17,0.3831,26,11,3.664,33.67,66.33,1.0692,86.17,2.4922,0.8314,0.0649,1350.42,1036.67
333.42,93.25,0.6935,25,18,3.8,39.57,60.43,1.0285,93.25,2.5012,0.9043,0.2285,1642.8,1295.07
357.45,92.18,0.7264,25,11,2.774,20.15,79.85,0.5689,92.18,2.4998,0.9173,0.2711,668.32,876.06
347.46,93.99,0.5903,14,5,3.55,43.84,56.16,0.1147,93.99,2.5021,0.5,0.35,1760.15,2160.27
374.95,113.96,0.5814,19,7,1.987,59.1,40.9,0.6035,113.96,2.528,0.5,0.35,1578.96,1389.77
340.53,87.65,0.4392,21,6,3.614,26.66,73.34,1.1777,87.65,2.4941,0.753,0.1728,1080.98,715.2
346.75,110.29,0.4984,31,13,3.293,50.11,49.89,0.8503,110.29,2.5232,0.8602,0.0502,1830.0,1590.79
371.54,104.05,0.2672,33,19,6.342,36.44,63.56,0.4137,104.05,2.515,0.9296,0.0036,2278.17,2521.94
372.41,85.5,0.2968,25,13,5.469,32.8,67.2,0.2838,85.5,2.4914,0.852,0.0082,1827.31,2221.28
320.52,89.32,0.6312,33,29,3.841,40.72,59.28,0.024,89.32,2.4962,0.8922,0.1692,1689.12,2240.92
368.79,91.99,0.6161,19,10,2.573,45.12,54.88,0.7061,91.99,2.4996,0.6564,0.35,1422.29,1281.12
349.27,98.44,0.5846,33,18,5.272,40.3,59.7,0.2451,98.44,2.5078,0.6327,0.222,2230.35,2539.88
355.65,85.02,0.7022,17,3,3.891,29.83,70.17,0.8632,85.02,2.4908,0.8686,0.3445,1258.26,1153.28
327.76,101.29,0.5658,25,15,3.86,27.27,72.73,0.451,101.29,2.5115,0.7406,0.2683,1171.51,1416.93
327.51,112.98,0.7168,17,10,6.16,34.35,65.65,0.4585,112.98,2.5267,0.9341,0.2447,2082.06,2300.21
337.37,113.93,0.7311,8,5,1.228,36.51,63.49,0.5756,113.93,2.5279,0.7255,0.35,708.18,772.29
379.76,101.0,0.3603,10,6,2.399,57.0,43.0,0.9606,101.0,2.5111,0.5,0.2951,1703.93,1270.89
371.49,114.94,0.3844,10,4,5.782,44.65,55.35,0.4895,114.94,2.5293,0.641,0.1189,2643.24,2712.66
344.02,109.33,0.6349,13,9,5.677,39.36,60.64,1.1366,109.33,2.5219,0.6798,0.35,2307.69,1840.88
377.14,93.67,0.6751,24,4,4.318,43.03,56.97,0.0598,93.67,2.5017,0.8933,0.2277,1983.58,2441.14
347.57,101.26,0.2566,13,6,5.17,40.13,59.87,0.5988,101.26,2.5114,0.6846,0.0042,2171.67,2179.39
356.79,111.17,0.3362,26,5,4.207,22.92,77.08,0.1886,111.17,2.5243,0.8367,0.0709,1038.78,1582.51
347.3,100.06,0.7395,15,10,4.372,41.85,58.15,0.9042,100.06,2.5099,0.9164,0.275,1939.06,1673.6
326.07,106.6,0.3145,34,20,5.241,23.87,76.13,0.7478,106.6,2.5184,0.9108,0.0332,1290.08,1346.77
322.67,97.54,0.4426,10,4,5.262,50.35,49.65,0.347,97.54,2.5067,0.5853,0.2373,2789.48,2923.87
370.89,96.83,0.5178,20,4,4.044,53.87,46.13,0.5916,96.83,2.5058,0.7278,0.1681,2366.98,2241.47
367.64,92.15,0.5364,27,6,6.874,50.93,49.07,0.5838,92.15,2.4998,0.8453,0.0935,3459.81,3389.25
372.64,105.69,0.3552,19,5,3.794,58.62,41.38,0.3484,105.69,2.5172,0.7296,0.001,2445.54,2503.45
362.56,91.18,0.6298,10,6,5.7,33.55,66.45,0.0254,91.18,2.4986,0.5948,0.35,1974.81,2560.68
