N_stages,feed_stage,feed_stage_ratio,reflux_ratio,z_feed_benzene,feed_temperature_K,feed_pressure_Pa,feed_quality_q,feed_vapor_fraction,xD_distillate_purity,xB_bottoms_purity,Qc_condenser_duty_kW,Qr_reboiler_duty_kW,bubble_point_T_K,relative_volatility
11,4,0.364,3.2792,0.2647,351.39,117531.0,0.6152,0.3848,0.55373,0.03147,1.689,2.065,300.0,2.9638
24,17,0.708,1.9259,0.1895,391.37,95622.0,0.5007,0.4993,0.79738,0.00856,0.582,1.292,450.0,1.9965
19,13,0.684,3.4214,0.3158,399.74,109424.0,0.8647,0.1353,0.64523,0.03406,1.789,2.284,450.0,1.9965
15,8,0.533,2.5195,0.1457,355.78,91101.0,0.9834,0.0166,0.38146,0.01711,1.112,1.708,450.0,1.9965
12,6,0.5,3.1186,0.5249,361.4,110218.0,0.6121,0.3879,0.65605,0.15305,2.67,2.907,450.0,1.9965
25,11,0.44,2.6317,0.8493,380.54,128561.0,0.8315,0.1685,0.98351,0.12284,2.619,2.506,300.0,2.9638
11,4,0.364,2.0368,0.1315,392.03,105368.0,0.8709,0.1291,0.37119,0.01485,0.891,1.51,450.0,1.9965
23,9,0.391,4.7835,0.1977,371.51,91560.0,0.9242,0.0758,0.75847,0.01034,1.26,1.95,450.0,1.9965
15,8,0.533,4.0071,0.4618,357.41,91238.0,0.7113,0.2887,0.61031,0.11663,3.08,3.355,450.0,1.9965
15,9,0.6,1.3885,0.8471,358.88,105519.0,0.6515,0.3485,0.8893,0.53718,1.81,1.916,450.0,1.9965
25,16,0.64,4.4476,0.3529,378.69,96401.0,0.6626,0.3374,0.85412,0.01919,1.88,2.432,450.0,1.9965
8,5,0.625,2.8472,0.5058,330.23,90934.0,0.8563,0.1437,0.64219,0.14119,2.458,2.706,450.0,1.9965
12,3,0.25,4.5571,0.1333,373.37,120249.0,0.9084,0.0916,0.57601,0.00948,1.071,1.506,300.0,2.9638
7,3,0.429,4.1594,0.2187,354.88,108341.0,0.5908,0.4092,0.43432,0.03108,2.141,2.633,450.0,1.9965
25,6,0.24,2.5859,0.8893,385.59,101570.0,0.6855,0.3145,0.91986,0.63349,2.751,2.845,450.0,1.9965
6,3,0.5,0.8944,0.8721,336.51,126003.0,0.951,0.049,0.9074,0.59206,1.446,1.413,300.0,2.9638
16,7,0.438,1.9284,0.104,371.17,94646.0,0.9033,0.0967,0.35126,0.01087,0.719,1.388,450.0,1.9965
10,6,0.6,3.0749,0.8614,363.67,128237.0,0.9924,0.0076,0.89969,0.56796,3.101,2.962,300.0,2.9638
6,2,0.333,3.4606,0.6113,374.96,102559.0,0.8771,0.1229,0.71858,0.21715,3.059,3.253,450.0,1.9965
25,7,0.28,1.8831,0.7943,334.54,125536.0,0.6966,0.3034,0.97976,0.08298,1.955,2.051,300.0,2.9638
5,2,0.4,1.3853,0.4638,370.6,114118.0,0.7953,0.2047,0.61179,0.11768,1.47,1.516,300.0,2.9638
16,10,0.625,4.3067,0.5125,369.3,123068.0,0.8305,0.1695,0.88368,0.03939,2.561,2.733,300.0,2.9638
16,8,0.5,4.9345,0.4911,369.25,129361.0,0.5392,0.4608,0.88191,0.03534,2.752,3.025,300.0,2.9638
21,6,0.286,3.0079,0.6335,372.24,101536.0,0.7722,0.2278,0.84768,0.10765,2.46,2.724,450.0,1.9965
14,4,0.286,1.5211,0.2117,377.35,128445.0,0.8547,0.1453,0.65721,0.01551,0.676,1.036,300.0,2.9638
20,12,0.6,1.9437,0.124,386.35,105579.0,0.5837,0.4163,0.56983,0.0087,0.534,1.266,450.0,1.9965
19,5,0.263,0.8772,0.3463,348.89,105420.0,0.8903,0.1097,0.52855,0.06653,1.007,1.368,450.0,1.9965
19,12,0.632,4.6401,0.6637,387.75,103615.0,0.7919,0.2081,0.82418,0.16063,3.701,3.921,450.0,1.9965
23,13,0.565,1.2946,0.2615,364.88,111656.0,0.9761,0.0239,0.69708,0.0198,0.716,1.308,450.0,1.9965
16,4,0.25,3.2214,0.6387,335.39,96166.0,0.5212,0.4788,0.73845,0.24181,2.939,3.121,450.0,1.9965
24,7,0.292,1.951,0.8759,334.1,112148.0,0.6327,0.3673,0.97046,0.23119,2.201,2.235,300.0,2.9638
7,5,0.714,3.1275,0.1751,353.4,111668.0,0.8008,0.1992,0.40279,0.02225,1.483,1.851,300.0,2.9638
9,3,0.333,3.536,0.6381,384.94,120476.0,0.6483,0.3517,0.73797,0.24118,3.157,3.122,300.0,2.9638
23,10,0.435,4.2849,0.455,379.54,123346.0,0.8572,0.1428,0.94637,0.01856,2.131,2.34,300.0,2.9638
11,7,0.636,1.667,0.7945,385.2,107618.0,0.8795,0.1205,0.85123,0.43895,1.986,2.109,450.0,1.9965
25,18,0.72,0.8462,0.2417,366.21,102093.0,0.5513,0.4487,0.62004,0.02165,0.597,1.179,450.0,1.9965
13,9,0.692,1.3749,0.6541,360.81,100373.0,0.7569,0.2431,0.74957,0.25666,1.667,1.842,450.0,1.9965
11,6,0.545,4.5801,0.7705,340.32,97785.0,0.7544,0.2456,0.83384,0.40055,4.12,4.25,450.0,1.9965
22,9,0.409,4.4703,0.8557,352.97,92306.0,0.6846,0.3154,0.91612,0.43403,4.11,4.222,450.0,1.9965
8,2,0.25,3.3091,0.6466,360.38,103698.0,0.9665,0.0335,0.74414,0.2493,3.013,3.191,450.0,1.9965
18,11,0.611,3.3222,0.4977,336.2,100810.0,0.9138,0.0862,0.68279,0.10553,2.57,2.863,450.0,1.9965
22,11,0.5,3.5932,0.5943,345.44,128657.0,0.8486,0.1514,0.96008,0.03255,2.381,2.59,300.0,2.9638
13,6,0.462,1.5366,0.7951,371.88,112308.0,0.8572,0.1428,0.8579,0.41318,1.88,1.769,300.0,2.9638
25,17,0.68,4.6405,0.5565,381.5,103891.0,0.7309,0.2691,0.90094,0.0449,2.899,3.269,450.0,1.9965
6,2,0.333,2.5588,0.1243,399.88,113219.0,0.9605,0.0395,0.366,0.01377,1.001,1.222,300.0,2.9638
24,11,0.458,2.4092,0.8448,395.32,95568.0,0.8473,0.1527,0.88761,0.53234,2.581,2.688,450.0,1.9965
19,4,0.211,2.9795,0.6516,374.98,107762.0,0.8645,0.1355,0.79152,0.18413,2.657,2.867,450.0,1.9965
11,5,0.455,0.9973,0.6412,359.49,115049.0,0.9308,0.0692,0.74024,0.24414,1.393,1.354,300.0,2.9638
16,4,0.25,1.4984,0.2725,374.53,109556.0,0.637,0.363,0.47332,0.04426,1.182,1.612,450.0,1.9965
12,3,0.25,3.8997,0.6271,385.0,106071.0,0.9035,0.0965,0.73003,0.23106,3.39,3.577,450.0,1.9965
19,5,0.263,1.1478,0.4151,338.28,129754.0,0.5976,0.4024,0.88131,0.02344,0.845,1.251,300.0,2.9638
7,4,0.571,3.3332,0.621,358.69,125213.0,0.6727,0.3273,0.72559,0.22558,2.988,3.021,300.0,2.9638
18,11,0.611,1.8305,0.1853,388.79,114936.0,0.6678,0.3322,0.88266,0.00596,0.499,0.98,300.0,2.9638
21,11,0.524,2.435,0.6263,356.87,112775.0,0.9893,0.0107,0.96323,0.03718,1.87,1.982,300.0,2.9638
8,5,0.625,2.0125,0.8995,370.03,114826.0,0.9283,0.0717,0.92726,0.65968,2.318,2.162,300.0,2.9638
22,9,0.409,2.2938,0.1386,371.14,98052.0,0.8506,0.1494,0.69789,0.00745,0.547,1.293,450.0,1.9965
12,4,0.333,3.82,0.8817,342.91,105806.0,0.8635,0.1365,0.91438,0.61488,3.69,3.786,450.0,1.9965
8,5,0.625,2.0479,0.4255,355.36,91578.0,0.781,0.219,0.58408,0.09895,1.809,2.108,450.0,1.9965
6,2,0.333,3.1789,0.7966,353.42,109022.0,0.9735,0.0265,0.85274,0.44246,3.114,3.236,450.0,1.9965
10,7,0.7,2.7994,0.7259,331.83,111721.0,0.7481,0.2519,0.80156,0.33803,2.756,2.81,300.0,2.9638
14,3,0.214,3.5874,0.5536,331.69,99110.0,0.6903,0.3097,0.67682,0.1723,3.035,3.257,450.0,1.9965
8,5,0.625,4.7347,0.6908,388.22,128561.0,0.5815,0.4185,0.77611,0.29557,4.097,4.056,300.0,2.9638
22,5,0.227,3.8768,0.8028,349.11,126378.0,0.8931,0.1069,0.9806,0.08715,3.339,3.352,300.0,2.9638
16,11,0.688,1.7027,0.4233,366.27,118886.0,0.8672,0.1328,0.86864,0.0263,1.098,1.35,300.0,2.9638
6,3,0.5,0.931,0.3616,350.91,111335.0,0.6922,0.3078,0.53782,0.07257,1.062,1.409,450.0,1.9965
14,10,0.714,1.9015,0.6341,395.85,124799.0,0.5126,0.4874,0.86549,0.09502,1.751,1.831,300.0,2.9638
8,2,0.25,3.2993,0.7463,348.15,95226.0,0.9195,0.0805,0.8163,0.36529,3.145,3.284,450.0,1.9965
18,9,0.5,1.016,0.7098,360.08,121620.0,0.5057,0.4943,0.9047,0.11906,1.303,1.411,300.0,2.9638
20,14,0.7,2.8847,0.7383,391.09,94993.0,0.8518,0.1482,0.81575,0.33795,2.818,2.964,450.0,1.9965
19,9,0.474,3.3067,0.4485,388.94,121768.0,0.9851,0.0149,0.93749,0.01928,1.726,1.86,300.0,2.9638
12,6,0.5,2.2038,0.7543,343.03,101031.0,0.7188,0.2812,0.82209,0.37656,2.351,2.487,450.0,1.9965
18,10,0.556,4.0378,0.1962,386.19,125084.0,0.6175,0.3825,0.88594,0.00635,0.936,1.433,300.0,2.9638
12,5,0.417,1.2477,0.5356,362.07,127762.0,0.8524,0.1476,0.70806,0.12301,1.384,1.441,300.0,2.9638
25,14,0.56,1.1156,0.1046,363.81,95952.0,0.9086,0.0914,0.65965,0.00568,0.281,1.062,450.0,1.9965
20,10,0.5,3.8584,0.3597,339.34,108507.0,0.7732,0.2268,0.70801,0.03653,2.042,2.519,450.0,1.9965
17,11,0.647,2.8811,0.3932,335.64,129239.0,0.9835,0.0165,0.87152,0.02196,1.462,1.836,300.0,2.9638
22,5,0.227,3.6913,0.4169,380.96,109336.0,0.5258,0.4742,0.79164,0.03704,2.049,2.505,450.0,1.9965
19,7,0.368,2.6263,0.6564,364.75,124542.0,0.7524,0.2476,0.95443,0.049,2.083,2.194,300.0,2.9638
25,18,0.72,1.8349,0.4108,360.58,113549.0,0.8592,0.1408,0.87277,0.02402,1.114,1.614,450.0,1.9965
17,11,0.647,4.2402,0.459,381.07,105013.0,0.9313,0.0687,0.60828,0.11518,3.215,3.492,450.0,1.9965
13,6,0.462,4.1575,0.29,383.59,101431.0,0.5896,0.4104,0.48599,0.04914,2.527,2.939,450.0,1.9965
19,10,0.526,3.7177,0.3986,341.12,98129.0,0.9,0.1,0.69009,0.05059,2.245,2.664,450.0,1.9965
17,6,0.353,1.943,0.2818,372.72,120472.0,0.7764,0.2236,0.86686,0.01201,0.801,1.195,300.0,2.9638
5,2,0.4,3.279,0.1586,339.47,105462.0,0.6983,0.3017,0.3908,0.01928,1.436,2.011,450.0,1.9965
11,5,0.455,2.3161,0.5828,382.6,110451.0,0.5659,0.4341,0.69792,0.19386,2.236,2.444,450.0,1.9965
13,5,0.385,1.1846,0.6346,375.99,109693.0,0.9326,0.0674,0.73543,0.2379,1.518,1.701,450.0,1.9965
5,2,0.4,4.6527,0.5956,396.96,113091.0,0.5786,0.4214,0.70721,0.20405,3.842,3.82,300.0,2.9638
16,4,0.25,1.3746,0.4708,334.83,124623.0,0.6549,0.3451,0.84072,0.03997,1.104,1.436,300.0,2.9638
12,8,0.667,4.791,0.4038,333.99,129230.0,0.645,0.355,0.70931,0.04844,2.719,3.054,300.0,2.9638
15,11,0.733,2.6732,0.7907,349.75,106303.0,0.9357,0.0643,0.84844,0.43255,2.732,2.856,450.0,1.9965
23,13,0.565,1.5776,0.5153,348.32,123101.0,0.8364,0.1636,0.9523,0.02365,1.169,1.439,300.0,2.9638
21,10,0.476,3.076,0.4833,347.29,120581.0,0.8983,0.1017,0.94916,0.02081,1.74,2.03,300.0,2.9638
12,4,0.333,4.4664,0.1205,393.44,112941.0,0.6252,0.3748,0.56919,0.00838,0.965,1.452,300.0,2.9638
7,4,0.571,3.8753,0.373,347.47,128242.0,0.8124,0.1876,0.54605,0.07686,2.721,2.9,300.0,2.9638
7,4,0.571,4.1876,0.4042,349.04,98019.0,0.7859,0.2141,0.56861,0.08949,3.008,3.322,450.0,1.9965
5,2,0.4,3.5669,0.4191,383.16,94371.0,0.9164,0.0836,0.5794,0.09601,2.692,2.996,450.0,1.9965
9,6,0.667,3.7076,0.5641,361.48,124158.0,0.953,0.047,0.68444,0.17984,3.137,3.119,300.0,2.9638
14,9,0.643,4.3666,0.5269,384.37,107566.0,0.5061,0.4939,0.65746,0.1543,3.484,3.721,450.0,1.9965
11,7,0.636,1.8486,0.5863,334.58,123879.0,0.837,0.163,0.73779,0.15403,1.838,1.959,300.0,2.9638
13,7,0.538,2.8556,0.7119,364.13,125724.0,0.5259,0.4741,0.86701,0.17012,2.585,2.656,300.0,2.9638
11,6,0.545,1.7291,0.7504,332.35,92498.0,0.7744,0.2256,0.81928,0.37105,1.999,2.137,450.0,1.9965
13,5,0.385,4.9482,0.6745,334.39,125339.0,0.6438,0.3562,0.85732,0.13613,3.832,3.977,300.0,2.9638
12,8,0.667,4.765,0.8644,393.45,107933.0,0.6534,0.3466,0.90184,0.57457,4.391,4.492,450.0,1.9965
16,10,0.625,0.9656,0.1146,339.75,110417.0,0.6765,0.3235,0.58918,0.0075,0.319,0.955,300.0,2.9638
6,2,0.333,3.7634,0.2566,367.27,115064.0,0.8106,0.1894,0.46179,0.04009,2.177,2.395,300.0,2.9638
5,2,0.4,4.686,0.1061,358.78,127055.0,0.667,0.333,0.35278,0.01116,1.418,1.914,300.0,2.9638
20,8,0.4,1.5584,0.618,354.31,90765.0,0.8663,0.1337,0.79687,0.13545,1.619,1.865,450.0,1.9965
9,5,0.556,3.1854,0.8184,392.99,109074.0,0.7023,0.2977,0.86854,0.481,3.142,3.257,450.0,1.9965
7,5,0.714,4.6451,0.2948,331.53,117509.0,0.5342,0.4658,0.48942,0.05052,2.791,3.127,300.0,2.9638
16,5,0.312,0.9426,0.8416,376.47,118908.0,0.8919,0.1081,0.88534,0.52593,1.469,1.316,300.0,2.9638
12,6,0.5,3.7292,0.1482,397.44,117701.0,0.6429,0.3571,0.57725,0.01099,1.011,1.442,300.0,2.9638
7,3,0.429,2.0489,0.8475,369.21,95377.0,0.7164,0.2836,0.88963,0.53812,2.311,2.416,450.0,1.9965
5,3,0.6,4.6825,0.3813,395.58,101976.0,0.8427,0.1573,0.55206,0.08009,3.206,3.537,450.0,1.9965
7,4,0.571,4.8784,0.1811,333.66,104349.0,0.6662,0.3338,0.40714,0.02338,2.16,2.702,450.0,1.9965
9,6,0.667,4.7659,0.4887,359.32,122177.0,0.5283,0.4717,0.62982,0.13122,3.632,3.764,300.0,2.9638
19,9,0.474,2.7917,0.3054,348.21,101150.0,0.687,0.313,0.59479,0.03751,1.606,2.083,450.0,1.9965
18,8,0.444,4.4206,0.3279,381.16,98428.0,0.9722,0.0278,0.61423,0.0413,2.385,2.845,450.0,1.9965
7,2,0.286,4.3471,0.3458,398.69,128298.0,0.8209,0.1791,0.52638,0.06689,2.875,2.9,300.0,2.9638
5,2,0.4,2.1402,0.7424,347.96,90355.0,0.8357,0.1643,0.81351,0.35997,2.293,2.434,450.0,1.9965
9,6,0.667,4.2814,0.5313,375.79,129913.0,0.8161,0.1839,0.66068,0.15718,3.44,3.425,300.0,2.9638
18,11,0.611,0.9554,0.349,343.87,117073.0,0.5995,0.4005,0.76512,0.02749,0.741,1.151,300.0,2.9638
11,8,0.727,3.3043,0.5883,369.57,123139.0,0.7092,0.2908,0.75126,0.14378,2.741,2.789,300.0,2.9638
13,9,0.692,1.766,0.6729,362.48,101785.0,0.8755,0.1245,0.76319,0.276,1.959,2.127,450.0,1.9965
19,10,0.526,1.3064,0.3181,398.04,90573.0,0.5507,0.4493,0.56616,0.04563,1.066,1.504,450.0,1.9965
19,12,0.632,1.1232,0.4308,372.6,119515.0,0.6389,0.3611,0.87681,0.02619,0.87,1.163,300.0,2.9638
14,10,0.714,3.7244,0.1975,354.47,123366.0,0.6382,0.3618,0.70106,0.01228,1.11,1.636,300.0,2.9638
17,11,0.647,2.2275,0.2449,337.99,119619.0,0.716,0.284,0.85111,0.01026,0.778,1.327,300.0,2.9638
23,8,0.348,3.844,0.6449,340.59,95714.0,0.9902,0.0098,0.88675,0.08696,2.91,3.187,450.0,1.9965
11,5,0.455,1.0745,0.2452,345.77,120137.0,0.5338,0.4662,0.4611,0.03623,0.908,1.273,300.0,2.9638
21,6,0.286,2.1242,0.5201,347.57,120757.0,0.7594,0.2406,0.95278,0.02412,1.429,1.712,300.0,2.9638
24,17,0.708,3.0659,0.6672,389.54,116342.0,0.5897,0.4103,0.96726,0.04434,2.348,2.439,300.0,2.9638
8,4,0.5,4.121,0.1855,369.29,120645.0,0.9853,0.0147,0.4103,0.02421,1.912,2.158,300.0,2.9638
9,3,0.333,2.1388,0.5538,366.64,123837.0,0.5567,0.4433,0.67699,0.17246,2.077,2.15,300.0,2.9638
11,6,0.545,3.4287,0.3053,338.03,114544.0,0.7018,0.2982,0.58982,0.0381,1.89,2.253,300.0,2.9638
17,9,0.529,4.5211,0.8703,390.21,93544.0,0.8689,0.1311,0.90613,0.58801,4.213,4.312,450.0,1.9965
19,8,0.421,3.3866,0.4868,380.6,109505.0,0.8523,0.1477,0.62847,0.13017,2.759,3.018,450.0,1.9965
15,4,0.267,1.7784,0.7448,334.74,93106.0,0.7114,0.2886,0.81523,0.36323,2.031,2.171,450.0,1.9965
8,4,0.5,0.9025,0.5402,379.55,106302.0,0.6733,0.3267,0.66709,0.16305,1.247,1.476,450.0,1.9965
17,8,0.471,4.4544,0.1347,368.05,106284.0,0.6988,0.3012,0.42403,0.01356,1.437,2.086,450.0,1.9965
11,6,0.545,0.8893,0.6065,335.72,92640.0,0.6321,0.3679,0.71512,0.21309,1.292,1.489,450.0,1.9965
23,11,0.478,4.4737,0.8611,362.08,103953.0,0.6027,0.3973,0.92628,0.40659,4.109,4.221,450.0,1.9965
6,4,0.667,3.0215,0.5813,363.93,94440.0,0.7415,0.2585,0.69685,0.19272,2.709,2.918,450.0,1.9965
14,7,0.5,4.7441,0.7554,341.6,122329.0,0.6343,0.3657,0.90656,0.17015,3.924,4.009,300.0,2.9638
17,9,0.529,4.1549,0.8074,396.2,127908.0,0.6437,0.3563,0.95222,0.15399,3.614,3.542,300.0,2.9638
25,17,0.68,4.9913,0.2825,389.5,92893.0,0.8284,0.1716,0.84221,0.01345,1.681,2.302,450.0,1.9965
10,4,0.4,2.273,0.2696,376.83,128205.0,0.9843,0.0157,0.47122,0.04348,1.539,1.655,300.0,2.9638
16,5,0.312,4.0222,0.5888,362.36,110903.0,0.8018,0.1982,0.70228,0.19859,3.399,3.604,450.0,1.9965
16,4,0.25,2.4881,0.4288,358.82,101983.0,0.5385,0.4615,0.58647,0.10047,2.078,2.374,450.0,1.9965
24,15,0.625,2.8155,0.7719,375.57,93074.0,0.5378,0.4622,0.87156,0.28275,2.733,2.885,450.0,1.9965
15,8,0.533,3.4355,0.82,368.18,110025.0,0.9757,0.0243,0.93203,0.23436,3.195,3.085,300.0,2.9638
11,6,0.545,4.4694,0.3827,334.36,121781.0,0.6486,0.3514,0.65619,0.05199,2.625,2.949,300.0,2.9638
5,2,0.4,4.9332,0.2895,365.88,118283.0,0.546,0.454,0.4856,0.04899,2.904,3.166,300.0,2.9638
5,2,0.4,4.0267,0.7244,386.45,92009.0,0.7995,0.2005,0.80048,0.33612,3.644,3.791,450.0,1.9965
24,6,0.25,2.5546,0.3198,362.15,92916.0,0.8118,0.1882,0.79786,0.02023,1.188,1.753,450.0,1.9965
17,7,0.412,2.5697,0.7581,333.64,106115.0,0.8243,0.1757,0.82486,0.38208,2.623,2.758,450.0,1.9965
13,7,0.538,3.8978,0.439,385.04,101812.0,0.6337,0.3663,0.59383,0.10527,2.948,3.238,450.0,1.9965
7,3,0.429,1.8029,0.634,344.1,99295.0,0.5076,0.4924,0.73504,0.23741,1.947,2.131,450.0,1.9965
11,5,0.455,1.264,0.1764,348.1,101240.0,0.9825,0.0175,0.40373,0.02249,0.817,1.366,450.0,1.9965
10,7,0.7,2.2894,0.5991,341.53,122139.0,0.6254,0.3746,0.70974,0.2069,2.24,2.337,300.0,2.9638
12,5,0.417,2.0064,0.4614,353.12,127169.0,0.838,0.162,0.70558,0.07248,1.613,1.786,300.0,2.9638
13,6,0.462,2.0445,0.5693,382.97,106204.0,0.8533,0.1467,0.68816,0.18363,2.035,2.25,450.0,1.9965
9,5,0.556,1.7812,0.2344,366.36,126244.0,0.805,0.195,0.44571,0.03466,1.204,1.452,300.0,2.9638
5,2,0.4,0.9768,0.6895,344.34,102860.0,0.6565,0.3435,0.7752,0.29415,1.411,1.572,450.0,1.9965
23,12,0.522,0.8751,0.7902,391.45,109057.0,0.6355,0.3645,0.84813,0.43184,1.394,1.518,450.0,1.9965
14,9,0.643,4.9484,0.2734,391.57,99041.0,0.7988,0.2012,0.47394,0.04449,2.82,3.249,450.0,1.9965
16,11,0.688,2.5966,0.1766,390.94,115619.0,0.933,0.067,0.77699,0.00827,0.684,1.043,300.0,2.9638
19,6,0.316,2.4142,0.1189,346.72,129159.0,0.9734,0.0266,0.88673,0.00331,0.385,0.991,300.0,2.9638
13,9,0.692,3.6545,0.6136,361.59,114140.0,0.553,0.447,0.82617,0.1081,2.835,2.97,300.0,2.9638
24,11,0.458,1.7167,0.5857,398.95,104313.0,0.5774,0.4226,0.89806,0.05447,1.472,1.812,450.0,1.9965
21,7,0.333,4.7898,0.5374,384.04,115913.0,0.9724,0.0276,0.95448,0.02584,2.731,2.816,300.0,2.9638
21,10,0.476,4.1026,0.2856,331.9,94917.0,0.8683,0.1317,0.71376,0.02209,1.697,2.266,450.0,1.9965
24,17,0.708,1.1755,0.4127,334.56,125546.0,0.9415,0.0585,0.94221,0.0156,0.799,1.192,300.0,2.9638
16,7,0.438,2.5538,0.5756,362.48,110123.0,0.6013,0.3987,0.69272,0.18835,2.386,2.597,450.0,1.9965
11,4,0.364,4.4923,0.4974,393.65,107974.0,0.7938,0.2062,0.63613,0.13623,3.485,3.738,450.0,1.9965
6,3,0.5,4.7679,0.8902,367.71,113435.0,0.8506,0.1494,0.92053,0.63581,4.426,4.301,300.0,2.9638
7,2,0.286,2.7631,0.2092,364.85,114991.0,0.8401,0.1599,0.42743,0.02901,1.518,1.792,300.0,2.9638
21,6,0.286,3.3763,0.6561,337.38,92871.0,0.7041,0.2959,0.85316,0.12213,2.76,3.006,450.0,1.9965
9,2,0.222,1.5015,0.4235,375.97,117305.0,0.5077,0.4923,0.58258,0.098,1.482,1.624,300.0,2.9638
21,6,0.286,4.9629,0.4426,387.55,99677.0,0.7915,0.2085,0.78078,0.04545,2.796,3.219,450.0,1.9965
21,6,0.286,1.773,0.6741,356.63,118558.0,0.6266,0.3734,0.96793,0.0457,1.616,1.77,300.0,2.9638
21,6,0.286,4.7595,0.6539,384.29,122901.0,0.7251,0.2749,0.96595,0.04184,3.264,3.333,300.0,2.9638
6,3,0.5,3.5285,0.893,397.51,122158.0,0.9788,0.0212,0.92254,0.64283,3.478,3.209,300.0,2.9638
6,2,0.333,3.3525,0.2027,344.26,112100.0,0.6995,0.3005,0.42277,0.02766,1.722,2.103,300.0,2.9638
9,3,0.333,2.9533,0.1833,366.63,110807.0,0.9199,0.0801,0.4087,0.02379,1.464,1.743,300.0,2.9638
5,3,0.6,1.7688,0.6795,350.1,95715.0,0.5943,0.4057,0.76794,0.28304,1.968,2.132,450.0,1.9965
5,2,0.4,1.5414,0.5627,385.5,121014.0,0.8362,0.1638,0.6834,0.1788,1.692,1.623,300.0,2.9638
23,13,0.565,1.726,0.3193,370.43,100856.0,0.9885,0.0115,0.79995,0.02,0.907,1.474,450.0,1.9965
6,2,0.333,1.583,0.1635,374.42,109868.0,0.5509,0.4491,0.3944,0.02015,0.885,1.453,450.0,1.9965
25,8,0.32,4.0743,0.1685,385.85,101371.0,0.5042,0.4958,0.80872,0.00697,0.886,1.621,450.0,1.9965
16,4,0.25,2.2705,0.8154,357.72,95353.0,0.7168,0.2832,0.86632,0.47537,2.453,2.569,450.0,1.9965
10,3,0.3,1.0429,0.2535,394.06,115182.0,0.5463,0.4537,0.45953,0.03929,0.927,1.162,300.0,2.9638
8,3,0.375,4.8702,0.3587,367.31,92173.0,0.8742,0.1258,0.5357,0.0715,3.214,3.564,450.0,1.9965
15,5,0.333,4.5119,0.2813,341.06,119946.0,0.9573,0.0427,0.78718,0.01662,1.643,2.083,300.0,2.9638
21,6,0.286,4.6966,0.384,378.71,102703.0,0.717,0.283,0.75651,0.03525,2.396,2.871,450.0,1.9965
10,3,0.3,4.9786,0.1555,385.53,90005.0,0.6294,0.3706,0.38861,0.01876,1.979,2.559,450.0,1.9965
9,4,0.444,1.5304,0.5152,352.17,110445.0,0.7172,0.2828,0.64904,0.14695,1.628,1.871,450.0,1.9965
24,8,0.333,2.4642,0.1541,390.0,91874.0,0.8617,0.1383,0.75183,0.0074,0.594,1.334,450.0,1.9965
6,2,0.333,3.9846,0.7403,393.43,101047.0,0.5045,0.4955,0.81197,0.35705,3.637,3.779,450.0,1.9965
10,5,0.5,3.7233,0.287,349.38,118279.0,0.7947,0.2053,0.4909,0.04694,2.268,2.526,300.0,2.9638
15,8,0.533,1.4464,0.532,398.85,92508.0,0.8066,0.1934,0.66117,0.15763,1.594,1.828,450.0,1.9965
20,5,0.25,4.2265,0.8041,339.85,123574.0,0.8188,0.1812,0.97555,0.09829,3.595,3.648,300.0,2.9638
20,12,0.6,1.7427,0.6207,344.14,90153.0,0.621,0.379,0.80747,0.12895,1.722,1.974,450.0,1.9965
5,2,0.4,1.74,0.5264,342.9,99873.0,0.857,0.143,0.65709,0.15397,1.778,2.015,450.0,1.9965
13,3,0.231,3.0553,0.3595,392.58,119636.0,0.5457,0.4543,0.70654,0.03669,1.707,1.974,300.0,2.9638
10,6,0.6,3.2903,0.3664,375.8,102651.0,0.5996,0.4004,0.54127,0.07435,2.374,2.717,450.0,1.9965
20,14,0.7,3.2364,0.6356,340.65,94076.0,0.9387,0.0613,0.83104,0.12289,2.653,2.905,450.0,1.9965
7,2,0.286,1.1842,0.8953,360.82,104409.0,0.8694,0.1306,0.92421,0.64873,1.679,1.771,450.0,1.9965
24,9,0.375,4.4853,0.6295,373.07,100816.0,0.5069,0.4931,0.9026,0.06897,3.172,3.472,450.0,1.9965
8,5,0.625,1.9155,0.5462,335.84,123708.0,0.6242,0.3758,0.67147,0.16716,1.919,2.056,300.0,2.9638
23,14,0.609,1.344,0.6845,391.77,102534.0,0.6072,0.3928,0.81217,0.20948,1.6,1.792,450.0,1.9965
7,2,0.286,4.5327,0.4722,386.25,121557.0,0.6354,0.3646,0.61785,0.12211,3.436,3.482,300.0,2.9638
23,8,0.348,4.8137,0.1481,365.36,125675.0,0.6238,0.3762,0.91617,0.0038,0.79,1.392,300.0,2.9638
24,10,0.417,4.4209,0.5498,397.7,107353.0,0.5313,0.4687,0.88136,0.04961,2.809,3.175,450.0,1.9965
11,5,0.455,4.2,0.8661,359.24,126398.0,0.7295,0.2705,0.90532,0.56317,3.958,3.895,300.0,2.9638
24,13,0.542,3.552,0.2402,398.89,105093.0,0.8664,0.1336,0.79093,0.01255,1.155,1.807,450.0,1.9965
13,5,0.385,3.1136,0.652,376.75,128563.0,0.8034,0.1966,0.84089,0.12963,2.611,2.61,300.0,2.9638
5,2,0.4,1.1653,0.2607,374.43,93572.0,0.8364,0.1636,0.46478,0.04115,0.999,1.441,450.0,1.9965
12,7,0.583,2.5155,0.5287,341.62,117481.0,0.5406,0.4594,0.72142,0.10835,2.103,2.3,300.0,2.9638
11,2,0.182,2.3653,0.1773,391.73,109753.0,0.9757,0.0243,0.40439,0.02266,1.219,1.766,450.0,1.9965
22,8,0.364,1.891,0.4603,359.92,105506.0,0.9192,0.0808,0.81803,0.04229,1.349,1.772,450.0,1.9965
12,7,0.583,3.8384,0.7049,341.36,115308.0,0.9025,0.0975,0.85388,0.17916,3.255,3.31,300.0,2.9638
5,3,0.6,2.8827,0.3781,330.88,118154.0,0.9115,0.0885,0.54971,0.07882,2.181,2.399,300.0,2.9638
15,7,0.467,1.1404,0.6319,369.18,90175.0,0.9664,0.0336,0.73352,0.23546,1.485,1.67,450.0,1.9965
22,11,0.5,1.7248,0.7364,366.92,96678.0,0.7721,0.2279,0.81861,0.32321,1.967,2.117,450.0,1.9965
14,4,0.286,3.6697,0.8417,380.35,118522.0,0.6001,0.3999,0.93008,0.30602,3.44,3.383,300.0,2.9638
7,3,0.429,1.1197,0.2877,392.32,116655.0,0.8084,0.1916,0.4843,0.04848,1.034,1.136,300.0,2.9638
11,5,0.455,4.3751,0.4195,335.56,128642.0,0.8714,0.1286,0.67628,0.06176,2.739,2.996,300.0,2.9638
20,7,0.35,2.8796,0.2219,381.2,120442.0,0.869,0.131,0.92344,0.00627,0.783,1.19,300.0,2.9638
20,7,0.35,2.8185,0.894,343.12,128031.0,0.7607,0.2393,0.9732,0.27573,2.895,2.873,300.0,2.9638
24,10,0.417,3.2881,0.8416,390.07,118102.0,0.5342,0.4658,0.98441,0.11116,3.065,3.03,300.0,2.9638
21,5,0.238,4.2637,0.532,387.33,101922.0,0.6856,0.3144,0.81323,0.06735,2.84,3.186,450.0,1.9965
6,2,0.333,2.2608,0.7736,367.86,94215.0,0.9604,0.0396,0.83611,0.40536,2.41,2.54,450.0,1.9965
5,2,0.4,3.6477,0.5168,379.72,121273.0,0.7922,0.2078,0.65014,0.1479,2.994,2.982,300.0,2.9638
20,8,0.4,3.1761,0.5989,352.0,115766.0,0.7692,0.2308,0.96053,0.03317,2.181,2.38,300.0,2.9638
16,4,0.25,1.9215,0.1713,362.98,91927.0,0.6344,0.3656,0.40002,0.02154,1.034,1.59,450.0,1.9965
9,6,0.667,4.4902,0.7042,387.51,104402.0,0.6842,0.3158,0.78585,0.31119,3.946,4.101,450.0,1.9965
9,4,0.444,4.1492,0.2022,362.15,128272.0,0.9477,0.0523,0.42237,0.02755,2.033,2.297,300.0,2.9638
13,7,0.538,3.5655,0.7609,355.05,110016.0,0.8332,0.1668,0.82686,0.38612,3.358,3.492,450.0,1.9965
13,8,0.615,4.3724,0.7256,364.59,107309.0,0.8937,0.1063,0.80135,0.33767,3.897,4.044,450.0,1.9965
7,3,0.429,4.4426,0.667,387.98,108308.0,0.7272,0.2728,0.7589,0.26978,3.845,4.014,450.0,1.9965
23,6,0.261,3.7751,0.1289,353.46,98355.0,0.8151,0.1849,0.72803,0.00624,0.708,1.472,450.0,1.9965
20,10,0.5,4.3155,0.3425,342.16,104748.0,0.6242,0.3758,0.70303,0.03329,2.144,2.639,450.0,1.9965
20,10,0.5,3.7294,0.3105,379.84,104793.0,0.8527,0.1473,0.68463,0.02875,1.777,2.302,450.0,1.9965
7,4,0.571,3.6566,0.3881,387.82,92094.0,0.7138,0.2862,0.55699,0.08282,2.649,2.975,450.0,1.9965
24,11,0.458,3.3982,0.1701,337.04,120703.0,0.7213,0.2787,0.91834,0.00449,0.685,1.325,300.0,2.9638
5,2,0.4,3.9614,0.8496,346.79,106660.0,0.8247,0.1753,0.89109,0.54234,3.762,3.868,450.0,1.9965
24,9,0.375,1.4661,0.543,339.94,122887.0,0.9681,0.0319,0.95504,0.02644,1.175,1.428,300.0,2.9638
15,6,0.4,4.4997,0.3444,354.36,124014.0,0.532,0.468,0.80578,0.02269,1.958,2.38,300.0,2.9638
21,12,0.571,4.4617,0.4176,361.52,98480.0,0.9124,0.0876,0.76864,0.04118,2.456,2.9,450.0,1.9965
12,6,0.5,0.9228,0.4578,382.42,116294.0,0.6462,0.3538,0.62182,0.10605,1.153,1.227,300.0,2.9638
8,3,0.375,4.2684,0.5805,375.58,108891.0,0.722,0.278,0.69626,0.19209,3.547,3.756,450.0,1.9965
10,7,0.7,1.3413,0.5125,373.46,125206.0,0.511,0.489,0.64708,0.14529,1.504,1.597,300.0,2.9638
12,6,0.5,2.2075,0.8355,354.67,98630.0,0.6505,0.3495,0.88091,0.51367,2.422,2.531,450.0,1.9965
24,8,0.333,3.9227,0.4976,388.9,117113.0,0.7513,0.2487,0.95056,0.02203,2.16,2.339,300.0,2.9638
7,2,0.286,1.4752,0.8937,362.99,114310.0,0.5281,0.4719,0.92306,0.64467,1.901,1.868,300.0,2.9638
20,6,0.3,4.2355,0.7811,398.54,101812.0,0.7455,0.2545,0.86294,0.33823,3.813,3.953,450.0,1.9965
7,2,0.286,4.295,0.2668,374.39,95464.0,0.9636,0.0364,0.46917,0.04273,2.475,2.911,450.0,1.9965
22,7,0.318,2.9314,0.8445,338.84,116066.0,0.5527,0.4473,0.9765,0.14007,2.831,2.892,300.0,2.9638
18,6,0.333,0.8268,0.1931,377.33,119544.0,0.8822,0.1178,0.6513,0.0136,0.451,0.823,300.0,2.9638
22,8,0.364,2.0056,0.754,352.76,102625.0,0.7048,0.2952,0.83067,0.3467,2.187,2.33,450.0,1.9965
6,2,0.333,3.3911,0.4045,378.04,115793.0,0.8276,0.1724,0.56886,0.08963,2.547,2.596,300.0,2.9638
7,4,0.571,4.921,0.8024,334.87,105805.0,0.6301,0.3699,0.85692,0.45234,4.422,4.542,450.0,1.9965
20,5,0.25,3.4536,0.7944,342.24,118528.0,0.5797,0.4203,0.97065,0.09996,3.038,3.129,300.0,2.9638
13,6,0.462,1.8912,0.7447,389.9,97969.0,0.5802,0.4198,0.81519,0.36316,2.113,2.253,450.0,1.9965
8,3,0.375,3.4628,0.732,345.9,125609.0,0.5352,0.4648,0.80599,0.346,3.246,3.294,300.0,2.9638
5,3,0.6,3.0679,0.3437,388.59,101496.0,0.5928,0.4072,0.52487,0.06616,2.181,2.543,450.0,1.9965
8,2,0.25,4.0754,0.1647,349.55,104711.0,0.8321,0.1679,0.39527,0.02036,1.749,2.314,450.0,1.9965
5,2,0.4,1.2493,0.4224,375.0,92324.0,0.9408,0.0592,0.58181,0.09752,1.331,1.632,450.0,1.9965
18,13,0.722,3.9963,0.2388,378.59,94460.0,0.9071,0.0929,0.56086,0.02511,1.761,2.313,450.0,1.9965
25,17,0.68,3.0733,0.656,365.89,110634.0,0.8426,0.1574,0.75092,0.25852,2.862,3.036,450.0,1.9965
20,13,0.65,4.8446,0.3769,351.37,100704.0,0.5552,0.4448,0.72107,0.03882,2.526,2.99,450.0,1.9965
24,9,0.375,2.2359,0.8805,344.89,123419.0,0.6446,0.3554,0.97902,0.19767,2.417,2.422,300.0,2.9638
12,4,0.333,3.457,0.6128,332.32,90588.0,0.6549,0.3451,0.71965,0.21842,3.06,3.253,450.0,1.9965
11,6,0.545,4.7145,0.758,351.28,105164.0,0.625,0.375,0.82478,0.38193,4.199,4.334,450.0,1.9965
7,5,0.714,1.2305,0.206,375.72,103494.0,0.7575,0.2425,0.42516,0.02835,0.891,1.399,450.0,1.9965
21,11,0.524,4.7364,0.7896,395.68,90773.0,0.7678,0.2322,0.89333,0.27078,4.114,4.265,450.0,1.9965
5,2,0.4,3.6891,0.8382,390.98,94975.0,0.6784,0.3216,0.88286,0.51903,3.543,3.652,450.0,1.9965
20,7,0.35,1.0849,0.4896,383.62,106546.0,0.6769,0.3231,0.68097,0.10019,1.224,1.525,450.0,1.9965
16,10,0.625,2.064,0.585,385.19,109715.0,0.9143,0.0857,0.69954,0.19561,2.069,2.275,450.0,1.9965
23,7,0.304,3.7743,0.7118,376.55,106172.0,0.8946,0.1054,0.89084,0.13773,3.133,3.35,450.0,1.9965
18,7,0.389,1.0829,0.2399,348.22,111238.0,0.6539,0.3461,0.44967,0.03595,0.915,1.381,450.0,1.9965
10,4,0.4,3.2451,0.5021,393.5,113805.0,0.9569,0.0431,0.63949,0.13896,2.704,2.593,300.0,2.9638
10,5,0.5,2.2527,0.4189,376.95,90397.0,0.9764,0.0236,0.57931,0.09596,1.917,2.221,450.0,1.9965
17,6,0.353,3.4078,0.2171,369.23,108564.0,0.6634,0.3366,0.43318,0.03073,1.821,2.315,450.0,1.9965
23,7,0.304,0.9921,0.394,337.77,128540.0,0.6772,0.3228,0.92806,0.01573,0.709,1.143,300.0,2.9638
12,6,0.5,4.4605,0.1545,361.29,110761.0,0.7528,0.2472,0.58582,0.01145,1.199,1.694,300.0,2.9638
6,2,0.333,4.8887,0.1206,362.23,117102.0,0.9706,0.0294,0.36335,0.01323,1.62,2.0,300.0,2.9638
25,13,0.52,4.8693,0.2081,390.52,102475.0,0.9382,0.0618,0.82496,0.00888,1.24,1.936,450.0,1.9965
5,2,0.4,3.9485,0.8705,368.27,120960.0,0.5513,0.4487,0.90624,0.58835,3.776,3.732,300.0,2.9638
19,9,0.474,1.3464,0.5396,356.63,120917.0,0.6964,0.3036,0.94118,0.02959,1.126,1.372,300.0,2.9638
5,2,0.4,3.9847,0.8727,398.38,110852.0,0.7767,0.2233,0.9078,0.59336,3.806,3.614,300.0,2.9638
9,2,0.222,0.9033,0.446,337.75,129041.0,0.7516,0.2484,0.5989,0.10867,1.153,1.323,300.0,2.9638
20,8,0.4,0.8929,0.3495,359.58,95022.0,0.5969,0.4031,0.56132,0.05935,0.966,1.354,450.0,1.9965
23,7,0.304,2.1592,0.5049,332.94,90678.0,0.9294,0.0706,0.85241,0.04568,1.553,1.948,450.0,1.9965
8,2,0.25,2.8523,0.4516,381.79,120806.0,0.8385,0.1615,0.60297,0.11146,2.347,2.35,300.0,2.9638
7,5,0.714,4.0357,0.1845,394.27,122286.0,0.919,0.081,0.4096,0.02403,1.873,2.043,300.0,2.9638
21,8,0.381,3.6698,0.6127,349.6,94808.0,0.9294,0.0706,0.84291,0.09601,2.791,3.073,450.0,1.9965
21,13,0.619,2.6728,0.2728,390.08,100623.0,0.8742,0.1258,0.69287,0.0217,1.202,1.777,450.0,1.9965
16,6,0.375,1.9492,0.5957,350.46,90702.0,0.7196,0.2804,0.70727,0.20411,2.004,2.206,450.0,1.9965
18,10,0.556,4.9879,0.6202,393.75,101732.0,0.8053,0.1947,0.7832,0.15078,3.858,4.093,450.0,1.9965
25,15,0.6,2.59,0.2216,382.78,120926.0,0.5802,0.4198,0.92341,0.00626,0.724,1.226,300.0,2.9638
10,5,0.5,2.6958,0.1491,386.34,110718.0,0.8368,0.1632,0.38393,0.01767,1.187,1.469,300.0,2.9638
7,3,0.429,1.4872,0.7246,331.26,103924.0,0.5896,0.4104,0.80062,0.33637,1.803,1.95,450.0,1.9965
13,5,0.385,4.1382,0.4678,397.4,104870.0,0.847,0.153,0.61472,0.11981,3.178,3.45,450.0,1.9965
9,3,0.333,3.7135,0.1465,380.87,90054.0,0.6148,0.3852,0.38209,0.01725,1.496,2.09,450.0,1.9965
21,15,0.714,1.7272,0.8959,351.33,101992.0,0.5588,0.4412,0.92463,0.65023,2.096,2.188,450.0,1.9965
18,11,0.611,1.146,0.1462,388.06,115858.0,0.5826,0.4174,0.77684,0.00639,0.338,0.873,300.0,2.9638
25,18,0.72,3.6581,0.656,349.71,128968.0,0.501,0.499,0.96615,0.04222,2.648,2.858,300.0,2.9638
7,2,0.286,3.5489,0.8869,391.09,123882.0,0.8594,0.1406,0.91815,0.62762,3.488,3.285,300.0,2.9638
5,3,0.6,1.9477,0.2913,337.88,90944.0,0.8662,0.1338,0.48693,0.04952,1.448,1.858,450.0,1.9965
24,17,0.708,4.7936,0.2138,379.26,125942.0,0.7575,0.2425,0.92264,0.00597,1.128,1.587,300.0,2.9638
25,8,0.32,1.4344,0.1971,367.85,121328.0,0.5807,0.4193,0.921,0.00539,0.438,0.999,300.0,2.9638
5,2,0.4,2.6158,0.3426,336.76,121215.0,0.5418,0.4582,0.52406,0.06577,1.935,2.216,300.0,2.9638
7,4,0.571,4.7632,0.1808,346.93,108320.0,0.5096,0.4904,0.40693,0.02332,2.115,2.658,450.0,1.9965
22,11,0.5,2.5629,0.6537,330.87,105920.0,0.5829,0.4171,0.8618,0.11242,2.22,2.474,450.0,1.9965
14,9,0.643,3.4818,0.1498,362.81,102117.0,0.9454,0.0546,0.38448,0.0178,1.445,2.034,450.0,1.9965
7,2,0.286,2.4699,0.5075,351.09,92628.0,0.6208,0.3792,0.64346,0.14224,2.22,2.467,450.0,1.9965
12,7,0.583,1.9517,0.8974,371.89,99129.0,0.6771,0.3229,0.92569,0.65401,2.27,2.361,450.0,1.9965
18,6,0.333,4.9327,0.7512,350.81,99864.0,0.5527,0.4473,0.82634,0.35058,4.322,4.464,450.0,1.9965
22,7,0.318,2.5192,0.5922,350.99,109363.0,0.6112,0.3888,0.84514,0.08226,2.032,2.336,450.0,1.9965
19,6,0.316,4.5552,0.345,382.02,119898.0,0.7596,0.2404,0.93555,0.01166,1.719,2.05,300.0,2.9638
6,3,0.5,1.7658,0.5991,333.37,108952.0,0.8039,0.1961,0.70976,0.20693,1.884,2.083,450.0,1.9965
14,8,0.571,1.695,0.5216,393.2,92314.0,0.6227,0.3773,0.65366,0.15095,1.743,1.982,450.0,1.9965
6,3,0.5,0.9308,0.4409,389.66,128312.0,0.5289,0.4711,0.59519,0.10617,1.164,1.259,300.0,2.9638
21,9,0.429,3.537,0.2046,376.75,127709.0,0.6955,0.3045,0.92173,0.00564,0.846,1.341,300.0,2.9638
12,8,0.667,2.3478,0.8093,371.53,121408.0,0.6171,0.3829,0.86401,0.4545,2.502,2.451,300.0,2.9638
5,2,0.4,4.4303,0.4598,392.46,129653.0,0.6098,0.3902,0.60892,0.11563,3.335,3.381,300.0,2.9638
13,8,0.615,2.7875,0.2557,342.97,111779.0,0.9799,0.0201,0.46113,0.03985,1.727,2.176,450.0,1.9965
15,7,0.467,4.8664,0.3942,335.53,128511.0,0.8082,0.1918,0.82261,0.02815,2.339,2.717,300.0,2.9638
20,8,0.4,1.5792,0.4313,346.77,93024.0,0.7784,0.2216,0.58826,0.10163,1.54,1.835,450.0,1.9965
11,5,0.455,4.4482,0.762,385.62,104627.0,0.7079,0.2921,0.82771,0.38785,4.009,4.143,450.0,1.9965
14,5,0.357,4.0617,0.6869,332.43,99015.0,0.7145,0.2855,0.77331,0.29122,3.609,3.771,450.0,1.9965
7,4,0.571,4.0379,0.7154,370.8,97833.0,0.7705,0.2295,0.79398,0.32482,3.638,3.789,450.0,1.9965
22,11,0.5,4.3481,0.1088,399.68,95632.0,0.8482,0.1518,0.68831,0.00557,0.707,1.489,450.0,1.9965
17,6,0.353,3.9963,0.4329,389.9,114897.0,0.8511,0.1489,0.89239,0.02417,2.025,2.199,300.0,2.9638
11,7,0.636,3.4301,0.4851,366.5,121253.0,0.5858,0.4142,0.69607,0.08973,2.525,2.686,300.0,2.9638
8,3,0.375,1.3512,0.1154,334.45,113132.0,0.7501,0.2499,0.35952,0.01246,0.625,1.162,300.0,2.9638
17,8,0.471,0.9366,0.3079,388.2,95879.0,0.706,0.294,0.49888,0.05443,0.98,1.375,450.0,1.9965
24,16,0.667,4.6676,0.7082,371.93,122445.0,0.9353,0.0647,0.97129,0.05338,3.458,3.458,300.0,2.9638
5,2,0.4,3.3899,0.2097,338.05,115438.0,0.8157,0.1843,0.42781,0.02913,1.774,2.146,300.0,2.9638
12,3,0.25,4.1455,0.5282,336.57,105527.0,0.7663,0.2337,0.65845,0.15518,3.344,3.58,450.0,1.9965
18,12,0.667,2.8224,0.2722,393.67,116965.0,0.5577,0.4423,0.87812,0.01075,0.993,1.417,300.0,2.9638
20,11,0.55,1.2927,0.1097,376.84,100396.0,0.8028,0.1972,0.48447,0.00883,0.432,1.158,450.0,1.9965
18,7,0.389,1.3258,0.293,388.05,103808.0,0.5586,0.4414,0.4881,0.04999,1.146,1.555,450.0,1.9965
16,5,0.312,3.6794,0.8807,391.53,126699.0,0.6686,0.3314,0.95816,0.31726,3.522,3.399,300.0,2.9638
23,14,0.609,2.6073,0.7412,370.02,101620.0,0.5714,0.4286,0.84918,0.25847,2.546,2.711,450.0,1.9965
19,10,0.526,1.6422,0.8677,366.22,108800.0,0.846,0.154,0.93391,0.39707,1.987,1.884,300.0,2.9638
6,3,0.5,2.8647,0.4903,360.13,125606.0,0.6031,0.3969,0.63097,0.13212,2.438,2.548,300.0,2.9638
6,4,0.667,1.0697,0.1878,352.19,118309.0,0.6959,0.3041,0.41196,0.02466,0.779,1.157,300.0,2.9638
23,14,0.609,3.2443,0.5384,360.42,92488.0,0.9478,0.0522,0.85197,0.05593,2.221,2.583,450.0,1.9965
21,6,0.286,1.9298,0.4635,384.17,95892.0,0.6022,0.3978,0.77946,0.05206,1.439,1.838,450.0,1.9965
24,9,0.375,4.1497,0.7755,372.13,90314.0,0.7539,0.2461,0.91483,0.18657,3.578,3.752,450.0,1.9965
14,5,0.357,2.1035,0.1785,392.48,115237.0,0.7096,0.2904,0.713,0.01019,0.649,1.07,300.0,2.9638
10,6,0.6,2.7119,0.4906,361.04,107907.0,0.5091,0.4909,0.63119,0.1323,2.342,2.599,450.0,1.9965
19,5,0.263,0.8488,0.22,372.5,95371.0,0.8964,0.1036,0.43531,0.03138,0.77,1.26,450.0,1.9965
15,8,0.533,1.1043,0.3597,374.19,128317.0,0.5345,0.4655,0.69748,0.03802,0.897,1.204,300.0,2.9638
9,5,0.556,2.4485,0.6899,371.42,111186.0,0.7371,0.2629,0.77548,0.29458,2.462,2.623,450.0,1.9965
5,3,0.6,2.8157,0.4808,379.18,99676.0,0.7803,0.2197,0.62411,0.12682,2.388,2.651,450.0,1.9965
12,5,0.417,3.3201,0.4007,346.62,110024.0,0.8142,0.1858,0.56611,0.08803,2.495,2.812,450.0,1.9965
25,16,0.64,2.025,0.4156,365.87,117185.0,0.8443,0.1557,0.94249,0.01579,1.119,1.414,300.0,2.9638
16,4,0.25,3.7189,0.4676,337.3,93050.0,0.6266,0.3734,0.61451,0.11966,2.918,3.19,450.0,1.9965
16,10,0.625,4.4125,0.728,356.92,100988.0,0.505,0.495,0.80308,0.34076,3.93,4.076,450.0,1.9965
9,2,0.222,4.0754,0.8137,364.14,122279.0,0.8617,0.1383,0.8651,0.47231,3.805,3.709,300.0,2.9638
11,4,0.364,0.9664,0.8643,375.66,108387.0,0.7678,0.2322,0.90173,0.57423,1.498,1.377,300.0,2.9638
8,5,0.625,2.8181,0.7295,396.54,111863.0,0.9181,0.0819,0.80417,0.34272,2.774,2.574,300.0,2.9638
10,3,0.3,1.2407,0.3523,372.05,107313.0,0.9107,0.0893,0.53108,0.06919,1.216,1.571,450.0,1.9965
17,6,0.353,1.8166,0.6505,382.05,91756.0,0.9217,0.0783,0.74697,0.25311,1.973,2.15,450.0,1.9965
24,14,0.583,4.944,0.4501,365.44,96630.0,0.7425,0.2575,0.85789,0.03236,2.596,3.05,450.0,1.9965
19,11,0.579,1.3985,0.3037,374.39,107822.0,0.6668,0.3332,0.56692,0.04076,1.058,1.518,450.0,1.9965
7,3,0.429,2.8953,0.7727,334.97,98367.0,0.8958,0.1042,0.83543,0.40392,2.878,3.008,450.0,1.9965
12,7,0.583,3.3963,0.1307,347.81,91999.0,0.7256,0.2744,0.37066,0.01474,1.284,1.905,450.0,1.9965
24,12,0.5,3.7504,0.8214,355.33,123746.0,0.5917,0.4083,0.98243,0.09751,3.321,3.362,300.0,2.9638
20,7,0.35,3.1505,0.4692,363.07,129248.0,0.9275,0.0725,0.94777,0.01965,1.723,1.96,300.0,2.9638
17,7,0.412,0.841,0.6098,333.2,121726.0,0.9413,0.0587,0.8164,0.11213,1.126,1.27,300.0,2.9638
22,7,0.318,2.1711,0.6275,339.8,124151.0,0.7332,0.2668,0.96334,0.03737,1.73,1.947,300.0,2.9638
14,9,0.643,2.9744,0.8161,349.38,99679.0,0.5378,0.4622,0.86685,0.47672,2.982,3.097,450.0,1.9965
23,12,0.522,1.169,0.6093,398.01,128425.0,0.6939,0.3061,0.96156,0.03464,1.151,1.23,300.0,2.9638
21,9,0.429,2.2726,0.5911,353.19,97877.0,0.9018,0.0982,0.83543,0.08702,1.906,2.205,450.0,1.9965
23,11,0.478,0.9395,0.1533,363.74,128057.0,0.9509,0.0491,0.86631,0.00496,0.288,0.792,300.0,2.9638
9,6,0.667,1.13,0.5147,343.73,129793.0,0.6017,0.3983,0.64866,0.14663,1.37,1.507,300.0,2.9638
25,8,0.32,2.4671,0.2201,372.75,118469.0,0.5335,0.4665,0.92326,0.0062,0.694,1.237,300.0,2.9638
13,7,0.538,1.3574,0.6899,349.65,129246.0,0.9387,0.0613,0.8252,0.19844,1.6,1.613,300.0,2.9638
16,8,0.5,3.1837,0.5098,344.49,112782.0,0.6947,0.3053,0.64508,0.1436,2.681,2.927,450.0,1.9965
25,13,0.52,3.6958,0.6442,366.16,100382.0,0.7709,0.2291,0.91332,0.06915,2.748,3.041,450.0,1.9965
5,2,0.4,4.1625,0.1333,330.39,107480.0,0.984,0.016,0.37254,0.01514,1.53,2.146,450.0,1.9965
5,3,0.6,1.6406,0.1678,330.54,113742.0,0.5333,0.4667,0.39751,0.02091,0.921,1.413,300.0,2.9638
19,13,0.684,1.5034,0.6731,345.33,92923.0,0.8242,0.1758,0.76849,0.26498,1.763,1.935,450.0,1.9965
6,3,0.5,1.2392,0.1577,332.57,114894.0,0.5371,0.4629,0.39015,0.01912,0.748,1.251,300.0,2.9638
20,11,0.55,3.473,0.157,337.56,129247.0,0.6877,0.3123,0.91705,0.00407,0.644,1.301,300.0,2.9638
12,8,0.667,3.7672,0.1097,353.72,97604.0,0.9019,0.0981,0.35541,0.01166,1.22,1.878,450.0,1.9965
17,10,0.588,0.9327,0.8652,386.18,121704.0,0.7167,0.2833,0.90241,0.57632,1.472,1.338,300.0,2.9638
25,8,0.32,4.7321,0.69,370.04,126316.0,0.9986,0.0014,0.9695,0.04908,3.414,3.419,300.0,2.9638
5,2,0.4,1.0183,0.3826,365.89,127748.0,0.7795,0.2205,0.553,0.08061,1.14,1.259,300.0,2.9638
20,11,0.55,3.0734,0.3372,350.54,128405.0,0.6606,0.3394,0.93478,0.01126,1.233,1.691,300.0,2.9638
11,5,0.455,3.7781,0.3798,395.22,110858.0,0.6101,0.3899,0.55095,0.07949,2.69,3.023,450.0,1.9965
9,5,0.556,4.4581,0.7197,357.79,129092.0,0.6753,0.3247,0.79708,0.33016,3.949,3.946,300.0,2.9638
7,5,0.714,3.7992,0.6291,336.1,120292.0,0.6863,0.3137,0.73147,0.23287,3.324,3.412,300.0,2.9638
16,11,0.688,4.1673,0.2482,373.19,96467.0,0.5344,0.4656,0.45567,0.03796,2.316,2.772,450.0,1.9965
20,9,0.45,2.2257,0.2393,337.97,109076.0,0.6848,0.3152,0.62702,0.02083,1.022,1.61,450.0,1.9965
23,7,0.304,4.2223,0.1787,354.17,118733.0,0.7321,0.2679,0.91919,0.00477,0.853,1.431,300.0,2.9638
9,6,0.667,1.1365,0.6282,365.52,99894.0,0.8614,0.1386,0.73085,0.23209,1.479,1.666,450.0,1.9965
18,12,0.667,4.5582,0.7115,391.2,115625.0,0.8284,0.1716,0.96109,0.06339,3.435,3.395,300.0,2.9638
9,2,0.222,3.0999,0.312,364.55,116664.0,0.8544,0.1456,0.50191,0.05573,2.09,2.251,300.0,2.9638
19,13,0.684,4.2327,0.1168,379.16,96508.0,0.5042,0.4958,0.5489,0.00839,0.928,1.664,450.0,1.9965
21,14,0.667,2.6997,0.1657,399.5,112603.0,0.6088,0.3912,0.91791,0.00435,0.561,1.062,300.0,2.9638
18,9,0.5,3.503,0.8743,339.2,120865.0,0.8308,0.1692,0.96625,0.24837,3.359,3.351,300.0,2.9638
24,13,0.542,3.0109,0.3364,349.23,109956.0,0.742,0.258,0.51952,0.06363,2.126,2.495,450.0,1.9965
9,4,0.444,3.8727,0.7154,357.62,90484.0,0.5027,0.4973,0.79393,0.32474,3.519,3.67,450.0,1.9965
16,4,0.25,1.1428,0.5997,359.53,90362.0,0.9022,0.0978,0.71021,0.20743,1.46,1.659,450.0,1.9965
20,8,0.4,1.0535,0.4056,358.77,104281.0,0.8864,0.1136,0.56962,0.09009,1.192,1.506,450.0,1.9965
20,13,0.65,1.8378,0.2645,393.53,127048.0,0.7742,0.2258,0.92763,0.00793,0.68,1.04,300.0,2.9638
25,6,0.24,1.4701,0.1971,379.98,99147.0,0.5332,0.4668,0.80477,0.00883,0.506,1.21,450.0,1.9965
11,4,0.364,4.4615,0.592,372.55,115375.0,0.8833,0.1167,0.77273,0.12954,3.412,3.413,300.0,2.9638
8,3,0.375,1.7207,0.7197,351.66,98883.0,0.7919,0.2081,0.79707,0.33014,1.968,2.117,450.0,1.9965
5,2,0.4,4.8986,0.6151,387.67,102867.0,0.891,0.109,0.72135,0.22044,4.055,4.247,450.0,1.9965
9,6,0.667,2.215,0.5242,396.85,123922.0,0.8759,0.1241,0.65555,0.15261,2.083,1.979,300.0,2.9638
14,5,0.357,1.5649,0.1336,387.48,119154.0,0.9015,0.0985,0.63145,0.00836,0.453,0.852,300.0,2.9638
9,3,0.333,4.1167,0.8748,330.11,93816.0,0.759,0.241,0.90935,0.59834,3.909,4.007,450.0,1.9965
8,4,0.5,3.5666,0.739,374.55,107148.0,0.5702,0.4298,0.81102,0.35527,3.33,3.472,450.0,1.9965
6,2,0.333,2.8924,0.3343,333.58,91167.0,0.8356,0.1644,0.518,0.06292,2.057,2.427,450.0,1.9965
24,8,0.333,3.1325,0.884,348.03,109236.0,0.8102,0.1898,0.9856,0.16926,3.091,3.057,300.0,2.9638
14,6,0.429,3.8206,0.5815,334.17,116497.0,0.8711,0.1289,0.84461,0.07691,2.737,2.933,300.0,2.9638
23,7,0.304,1.7595,0.5659,372.27,94740.0,0.5849,0.4151,0.87553,0.05684,1.479,1.826,450.0,1.9965
5,2,0.4,4.9846,0.6985,378.06,101555.0,0.5975,0.4025,0.78168,0.30441,4.29,4.447,450.0,1.9965
9,4,0.444,4.8941,0.7494,338.01,105913.0,0.9452,0.0548,0.81858,0.36968,4.317,4.455,450.0,1.9965
17,7,0.412,3.5314,0.6252,356.87,126781.0,0.875,0.125,0.92602,0.05469,2.547,2.666,300.0,2.9638
8,5,0.625,1.6381,0.2025,361.94,129730.0,0.9541,0.0459,0.42259,0.02761,1.043,1.305,300.0,2.9638
20,8,0.4,3.657,0.3706,355.83,91796.0,0.8794,0.1206,0.71161,0.03868,2.005,2.471,450.0,1.9965
20,10,0.5,1.1032,0.8425,338.47,120440.0,0.7986,0.2014,0.90394,0.42954,1.574,1.572,300.0,2.9638
6,3,0.5,0.9287,0.2797,359.33,104869.0,0.8271,0.1729,0.4785,0.04622,0.926,1.348,450.0,1.9965
21,5,0.238,1.8823,0.3977,382.58,105698.0,0.9446,0.0554,0.56396,0.08677,1.659,1.978,450.0,1.9965
24,13,0.542,2.743,0.4457,334.97,120171.0,0.7894,0.2106,0.94545,0.01787,1.479,1.863,300.0,2.9638
16,5,0.312,4.4467,0.4515,335.61,126737.0,0.8162,0.1838,0.87002,0.03048,2.355,2.695,300.0,2.9638
22,16,0.727,3.8541,0.5904,354.83,128037.0,0.5782,0.4218,0.95969,0.03203,2.501,2.741,300.0,2.9638
7,2,0.286,3.9194,0.8545,395.92,113085.0,0.737,0.263,0.89463,0.55273,3.736,3.57,300.0,2.9638
5,2,0.4,2.5871,0.2926,376.8,104285.0,0.8582,0.1418,0.48781,0.04987,1.766,2.175,450.0,1.9965
5,2,0.4,2.2529,0.1972,377.51,121502.0,0.6355,0.3645,0.41877,0.02653,1.264,1.575,300.0,2.9638
23,17,0.739,2.3584,0.258,355.33,100040.0,0.6011,0.3989,0.76442,0.01551,0.945,1.568,450.0,1.9965
15,7,0.467,4.9481,0.8095,371.56,112563.0,0.6569,0.3431,0.93556,0.20052,4.227,4.202,300.0,2.9638
9,4,0.444,0.9685,0.6166,330.71,104343.0,0.6208,0.3792,0.72245,0.22177,1.354,1.546,450.0,1.9965
16,4,0.25,4.4415,0.3287,374.53,116265.0,0.6075,0.3925,0.84088,0.01778,1.777,2.161,300.0,2.9638
7,4,0.571,3.2304,0.7528,393.93,99616.0,0.7124,0.2876,0.821,0.37441,3.102,3.239,450.0,1.9965
5,2,0.4,2.6422,0.7891,372.88,97664.0,0.9539,0.0461,0.84731,0.42997,2.707,2.832,450.0,1.9965
5,3,0.6,3.8461,0.7772,391.16,126730.0,0.7535,0.2465,0.8387,0.41093,3.587,3.45,300.0,2.9638
12,4,0.333,2.844,0.8351,380.68,94072.0,0.594,0.406,0.88064,0.51293,2.902,3.012,450.0,1.9965
14,4,0.286,4.4684,0.3018,338.44,110238.0,0.5385,0.4615,0.4945,0.0526,2.738,3.138,450.0,1.9965
15,4,0.267,4.5829,0.704,393.17,98834.0,0.8481,0.1519,0.78572,0.31097,4.012,4.167,450.0,1.9965
16,7,0.438,2.5712,0.4684,334.65,91557.0,0.6914,0.3086,0.61514,0.12012,2.21,2.481,450.0,1.9965
17,9,0.529,1.9627,0.7736,367.38,91441.0,0.9109,0.0891,0.83609,0.40531,2.19,2.319,450.0,1.9965
16,4,0.25,3.2879,0.6828,339.95,97009.0,0.8298,0.1702,0.77034,0.28668,3.052,3.215,450.0,1.9965
18,11,0.611,4.6319,0.7212,330.82,124671.0,0.8981,0.1019,0.96098,0.06772,3.527,3.665,300.0,2.9638
6,2,0.333,1.6848,0.6249,359.54,101299.0,0.636,0.364,0.72845,0.2291,1.856,2.043,450.0,1.9965
23,11,0.478,3.4165,0.2419,350.65,128018.0,0.8462,0.1538,0.92541,0.00702,0.97,1.475,300.0,2.9638
22,10,0.455,3.4526,0.536,364.02,113265.0,0.632,0.368,0.8326,0.06187,2.369,2.722,450.0,1.9965
7,3,0.429,3.8791,0.8877,370.4,107465.0,0.9695,0.0305,0.91872,0.62958,3.742,3.836,450.0,1.9965
21,11,0.524,1.3526,0.8499,333.06,113204.0,0.8182,0.1818,0.9252,0.35984,1.751,1.767,300.0,2.9638
12,3,0.25,3.8065,0.1345,338.61,110668.0,0.6623,0.3377,0.57115,0.00971,0.943,1.55,300.0,2.9638
14,4,0.286,4.6179,0.2319,369.1,120351.0,0.6348,0.3652,0.72113,0.01493,1.505,1.958,300.0,2.9638
6,4,0.667,1.5547,0.2054,354.02,101300.0,0.5955,0.4045,0.4247,0.02822,1.019,1.528,450.0,1.9965
23,16,0.696,1.7977,0.6808,381.04,104122.0,0.8473,0.1527,0.84626,0.15598,1.837,2.056,450.0,1.9965
13,5,0.385,4.8799,0.7542,375.66,125764.0,0.6094,0.3906,0.88805,0.20322,4.073,4.072,300.0,2.9638
11,4,0.364,1.5601,0.2708,389.19,127858.0,0.7977,0.2023,0.52587,0.03618,1.086,1.267,300.0,2.9638
8,4,0.5,4.3884,0.5047,378.47,125702.0,0.6323,0.3677,0.64139,0.14053,3.439,3.488,300.0,2.9638
25,11,0.44,2.8676,0.7726,360.1,106778.0,0.831,0.169,0.88444,0.25052,2.743,2.903,450.0,1.9965
22,5,0.227,1.8384,0.6862,377.11,121215.0,0.9075,0.0925,0.96913,0.04825,1.682,1.69,300.0,2.9638
17,5,0.294,4.4571,0.5338,349.28,109053.0,0.889,0.111,0.68976,0.1347,3.431,3.688,450.0,1.9965
15,9,0.6,2.6703,0.5723,351.44,109902.0,0.8804,0.1196,0.69033,0.18586,2.459,2.671,450.0,1.9965
8,4,0.5,2.9622,0.5067,385.23,98187.0,0.5939,0.4061,0.64284,0.14173,2.533,2.781,450.0,1.9965
25,6,0.24,2.3088,0.338,361.25,113645.0,0.5442,0.4558,0.93486,0.0113,1.004,1.461,300.0,2.9638
8,2,0.25,3.2904,0.552,385.89,97445.0,0.8495,0.1505,0.67566,0.17118,2.836,3.059,450.0,1.9965
14,5,0.357,1.4868,0.6511,387.57,103263.0,0.6842,0.3158,0.7474,0.2537,1.743,1.919,450.0,1.9965
9,5,0.556,2.4425,0.7987,390.03,124201.0,0.7162,0.2838,0.85423,0.44595,2.567,2.44,300.0,2.9638
13,3,0.231,4.8715,0.609,394.16,98283.0,0.5156,0.4844,0.71694,0.21521,4.022,4.217,450.0,1.9965
7,2,0.286,1.8842,0.7089,360.17,92846.0,0.6298,0.3702,0.78924,0.3168,2.077,2.23,450.0,1.9965
21,13,0.619,3.5583,0.2281,352.32,92760.0,0.5168,0.4832,0.6858,0.01616,1.262,1.891,450.0,1.9965
7,2,0.286,2.1658,0.4692,370.75,127631.0,0.9396,0.0604,0.61573,0.12055,1.961,1.961,300.0,2.9638
20,11,0.55,4.0486,0.1075,355.98,110277.0,0.6217,0.3783,0.91217,0.00262,0.5,1.166,300.0,2.9638
8,2,0.25,1.3497,0.2973,372.08,106376.0,0.7787,0.2213,0.49128,0.05127,1.167,1.572,450.0,1.9965
22,6,0.273,4.8732,0.6812,379.39,122435.0,0.5195,0.4805,0.96863,0.04716,3.457,3.582,300.0,2.9638
21,7,0.333,2.7059,0.8934,378.19,123433.0,0.8334,0.1666,0.97518,0.26021,2.806,2.663,300.0,2.9638
11,6,0.545,1.7914,0.1793,356.22,103288.0,0.6615,0.3385,0.40584,0.02304,1.019,1.563,450.0,1.9965
9,6,0.667,1.1087,0.4212,341.68,117745.0,0.949,0.051,0.58095,0.09698,1.246,1.386,300.0,2.9638
16,10,0.625,1.513,0.7401,360.14,120845.0,0.9441,0.0559,0.90694,0.14856,1.685,1.665,300.0,2.9638
21,9,0.429,2.9831,0.2632,339.98,116186.0,0.6626,0.3374,0.9275,0.00787,0.949,1.504,300.0,2.9638
17,9,0.529,2.2154,0.5441,392.31,96064.0,0.9505,0.0495,0.66991,0.16568,2.113,2.341,450.0,1.9965
7,2,0.286,4.2813,0.6865,354.21,125035.0,0.9981,0.0019,0.77299,0.29074,3.765,3.715,300.0,2.9638
13,5,0.385,2.6097,0.5928,340.81,111564.0,0.9127,0.0873,0.70518,0.20179,2.449,2.652,450.0,1.9965
21,14,0.667,1.8446,0.2504,331.78,101299.0,0.9224,0.0776,0.68527,0.01901,0.864,1.465,450.0,1.9965
21,5,0.238,3.392,0.3843,375.21,107009.0,0.6245,0.3755,0.74797,0.03657,1.869,2.339,450.0,1.9965
24,7,0.292,3.7685,0.727,374.58,91503.0,0.7884,0.2116,0.90307,0.13865,3.156,3.366,450.0,1.9965
20,7,0.35,1.5016,0.5434,353.84,95115.0,0.5336,0.4664,0.75312,0.1014,1.476,1.771,450.0,1.9965
17,4,0.235,1.504,0.1042,335.02,120622.0,0.5475,0.4525,0.83066,0.0035,0.264,0.991,300.0,2.9638
23,7,0.304,0.954,0.7088,358.67,90000.0,0.9994,0.0006,0.78917,0.31668,1.407,1.56,450.0,1.9965
21,11,0.524,3.8929,0.1282,351.79,106663.0,0.6633,0.3367,0.64876,0.0076,0.808,1.556,450.0,1.9965
8,3,0.375,3.588,0.6966,377.4,110900.0,0.8741,0.1259,0.78033,0.30224,3.286,3.444,450.0,1.9965
16,11,0.688,2.7934,0.262,372.4,92185.0,0.9033,0.0967,0.46568,0.04147,1.755,2.196,450.0,1.9965
13,8,0.615,4.3455,0.8665,355.52,128923.0,0.929,0.071,0.93078,0.40869,4.022,3.935,300.0,2.9638
23,9,0.391,4.1838,0.3944,345.25,99045.0,0.9988,0.0012,0.81401,0.02931,2.088,2.58,450.0,1.9965
16,6,0.375,3.2585,0.3615,399.16,102168.0,0.6207,0.3793,0.53776,0.07254,2.341,2.688,450.0,1.9965
13,5,0.385,4.4467,0.2191,361.78,102158.0,0.5202,0.4798,0.43464,0.03117,2.263,2.754,450.0,1.9965
